match_id,ledger_source_id,bank_source_id,ledger_allocation,bank_target_allocation,publisher_match_rule,previously_mismatched,ledger_source_reference,bank_source_reference,ledger_signed_amount,bank_signed_amount,signed_amount_difference,absolute_amount_difference,ledger_value_date,bank_value_date,date_difference_days,meaning
100009994261,42619182605,544953568724,USD_2023-01-05_ACC#00001_66912     66325663257 29266TNJNL 088            MESOPEAK PIMENTA SMILAX   GFG       VC7 29266TNJNL 088            MESOPEAK PIMENTA,USD_2023-01-05_ACC#00001_66912     66325663257 29266TNJNL 088            MESOPEAK PIMENTA SMILAX   GFG       VC7 29266TNJNL 088            MESOPEAK PIMENTA,RULE 3,A=0;B=0,29266TNJNL 29266TNJNL                                                                      MESOPEAK PIMENTA,29266TNJNL 0161366735VI,55104.52,55104.52,0.00,0.00,2023-01-05,2023-01-05,0,"Publisher-labeled 1:1 match; numerical differences are review evidence, not a fraud/loss label."
10095688471,715097649037,608911495294,USD_2023-01-11_ACC#00001_66912     66325663250 37266J1D91 088            TOURNOIS GDUFL C SMILAX   GFG       VC0 37266J1D91 088            TOURNOIS GDUFL C,USD_2023-01-11_ACC#00001_66912     66325663250 37266J1D91 088            TOURNOIS GDUFL C SMILAX   GFG       VC0 37266J1D91 088            TOURNOIS GDUFL C,RULE 3,A=0;B=0,37266J1D91 37266J1D91                                                                      TOURNOIS GDUFL C,37266J1D91 5772266741VI,4638.85,4638.85,0.00,0.00,2023-01-11,2023-01-11,0,"Publisher-labeled 1:1 match; numerical differences are review evidence, not a fraud/loss label."
101280631237,575058886945,323873142418,USD_2023-02-19_ACC#00001_66912     66325663250 32566RO279 088            JOQVY-DP-NO AM S SMILAX   GFG       VC0 32566RO279 088            JOQVY-DP-NO AM S,USD_2023-02-19_ACC#00001_66912     66325663250 32566RO279 088            JOQVY-DP-NO AM S SMILAX   GFG       VC0 32566RO279 088            JOQVY-DP-NO AM S,RULE 3,A=0;B=0,32566RO279 32566RO279                                                                      JOQVY-DP-NO AM S,32566RO279 0346266167VI,239389.14,239389.14,0.00,0.00,2023-02-19,2023-02-19,0,"Publisher-labeled 1:1 match; numerical differences are review evidence, not a fraud/loss label."
101666251890,546398799947,118194960406,USD_2023-02-16_ACC#00001_66912     66325663250 32566RQF4R 088            JOQVY - ELUVIA - SMILAX   GFG       VC0 32566RQF4R 088            JOQVY - ELUVIA -,USD_2023-02-16_ACC#00001_66912     66325663250 32566RQF4R 088            JOQVY - ELUVIA - SMILAX   GFG       VC0 32566RQF4R 088            JOQVY - ELUVIA -,RULE 3,A=0;B=0,32566RQF4R 32566RQF4R                                                                      JOQVY - ELUVIA -,32566RQF4R 7702366166VI,1293403.93,1293403.93,0.00,0.00,2023-02-16,2023-02-16,0,"Publisher-labeled 1:1 match; numerical differences are review evidence, not a fraud/loss label."
101861066221,514468918181,854237964263,USD_2023-02-22_ACC#00001_66912     6692666926 SMILAX   GPD,USD_2023-02-22_ACC#00001_66912     6692666926 SMILAX   GPD,RULE 3,A=0;B=0,IYO9126666168210 IYO9126666168210,IYO9126666168210 6090266164VI,-286860.00,-286860.00,0.00,0.00,2023-02-22,2023-02-22,0,"Publisher-labeled 1:1 match; numerical differences are review evidence, not a fraud/loss label."
102811225228,705396222737,333059122753,USD_2023-01-11_ACC#00001_66912     66325663250 37266J88MD 088            INKROOT LIKED BY SMILAX   GFG       VC0 37266J88MD 088            INKROOT LIKED BY,USD_2023-01-11_ACC#00001_66912     66325663250 37266J88MD 088            INKROOT LIKED BY SMILAX   GFG       VC0 37266J88MD 088            INKROOT LIKED BY,RULE 3,A=0;B=0,37266J88MD 37266J88MD                                                                      INKROOT LIKED BY,37266J88MD 9945066748VI,14354.97,14354.97,0.00,0.00,2023-01-11,2023-01-11,0,"Publisher-labeled 1:1 match; numerical differences are review evidence, not a fraud/loss label."
103079080646,12901014446,562202493074,USD_2023-01-19_ACC#00001_66912     66325663250 32566J5MD6 088            JOQVY - BAS - DG SMILAX   GFG       VC0 32566J5MD6 088            JOQVY - BAS - DG,USD_2023-01-19_ACC#00001_66912     66325663250 32566J5MD6 088            JOQVY - BAS - DG SMILAX   GFG       VC0 32566J5MD6 088            JOQVY - BAS - DG,RULE 3,A=0;B=0,32566J5MD6 32566J5MD6                                                                      JOQVY - BAS - DG,32566J5MD6 0637866720VI,1767.20,1767.20,0.00,0.00,2023-01-19,2023-01-19,0,"Publisher-labeled 1:1 match; numerical differences are review evidence, not a fraud/loss label."
103645747557,978724731571,862252416125,USD_2023-01-11_ACC#00001_66912     66325663250 37266J1GEJ 088            TOURNOIS GDUFL C SMILAX   GFG       VC0 37266J1GEJ 088            TOURNOIS GDUFL C,USD_2023-01-11_ACC#00001_66912     66325663250 37266J1GEJ 088            TOURNOIS GDUFL C SMILAX   GFG       VC0 37266J1GEJ 088            TOURNOIS GDUFL C,RULE 3,A=0;B=0,37266J1GEJ 37266J1GEJ                                                                      TOURNOIS GDUFL C,37266J1GEJ 5775166741VI,5167.43,5167.43,0.00,0.00,2023-01-11,2023-01-11,0,"Publisher-labeled 1:1 match; numerical differences are review evidence, not a fraud/loss label."
10408734892,506304382113,459050468127,USD_2023-02-18_ACC#00001_66912     66325663250 32566RUQOI 088            JOQVY - ELUVIA - SMILAX   GFG       VC0 32566RUQOI 088            JOQVY - ELUVIA -,USD_2023-02-18_ACC#00001_66912     66325663250 32566RUQOI 088            JOQVY - ELUVIA - SMILAX   GFG       VC0 32566RUQOI 088            JOQVY - ELUVIA -,RULE 3,A=0;B=0,32566RUQOI 32566RUQOI                                                                      JOQVY - ELUVIA -,32566RUQOI 2378666160VI,52682.00,52682.00,0.00,0.00,2023-02-18,2023-02-18,0,"Publisher-labeled 1:1 match; numerical differences are review evidence, not a fraud/loss label."
104968945404,224683366208,169813416698,USD_2023-01-18_ACC#00001_66912     6692666926 SMILAX   GPD,USD_2023-01-18_ACC#00001_66912     6692666926 SMILAX   GPD,RULE 3,A=0;B=0,IYO9126666791892 IYO9126666791892,IYO9126666791892 6170566720VI,87413380.00,87413380.00,0.00,0.00,2023-01-18,2023-01-18,0,"Publisher-labeled 1:1 match; numerical differences are review evidence, not a fraud/loss label."
105205404092,255806451669,400886058656,USD_2023-01-27_ACC#00001_66912     66325663250 32566WI2IK 088            JOQVY - BAS - DG SMILAX   GFG       VC0 32566WI2IK 088            JOQVY - BAS - DG,USD_2023-01-27_ACC#00001_66912     66325663250 32566WI2IK 088            JOQVY - BAS - DG SMILAX   GFG       VC0 32566WI2IK 088            JOQVY - BAS - DG,RULE 3,A=0;B=0,32566WI2IK 32566WI2IK                                                                      JOQVY - BAS - DG,32566WI2IK 2113966756VI,4865.17,4865.17,0.00,0.00,2023-01-27,2023-01-27,0,"Publisher-labeled 1:1 match; numerical differences are review evidence, not a fraud/loss label."
105303818888,802984264307,570844932112,USD_2023-02-08_ACC#00001_66912     66325663250 32566RJ238 088            JO TONITE CROM X SMILAX   GFG       VC0 32566RJ238 088            JO TONITE CROM X,USD_2023-02-08_ACC#00001_66912     66325663250 32566RJ238 088            JO TONITE CROM X SMILAX   GFG       VC0 32566RJ238 088            JO TONITE CROM X,RULE 3,A=0;B=0,32566RJ238 32566RJ238                                                                      JO TONITE CROM X,32566RJ238 2288066797VI,4385.39,4385.39,0.00,0.00,2023-02-08,2023-02-08,0,"Publisher-labeled 1:1 match; numerical differences are review evidence, not a fraud/loss label."
105659130184,691710933274,266526114387,USD_2023-03-04_ACC#00001_66912     66071660710 07166RFM54 088            JOQVY-ELUVIA - I SMILAX   GFG       VC0 07166RFM54 088            JOQVY-ELUVIA - I,USD_2023-03-04_ACC#00001_66912     66071660710 07166RFM54 088            JOQVY-ELUVIA - I SMILAX   GFG       VC0 07166RFM54 088            JOQVY-ELUVIA - I,RULE 3,A=0;B=0,07166RFM54 07166RFM54                                                                      JOQVY-ELUVIA - I,07166RFM54 3051266103VI,209097.54,209097.54,0.00,0.00,2023-03-04,2023-03-04,0,"Publisher-labeled 1:1 match; numerical differences are review evidence, not a fraud/loss label."
105986561291,851442214136,298612987916,USD_2023-01-21_ACC#00001_66912     66325663250 32566J9NY0 088            JOQVY - ELUVIA - SMILAX   GFG       VC0 32566J9NY0 088            JOQVY - ELUVIA -,USD_2023-01-21_ACC#00001_66912     66325663250 32566J9NY0 088            JOQVY - ELUVIA - SMILAX   GFG       VC0 32566J9NY0 088            JOQVY - ELUVIA -,RULE 3,A=0;B=0,32566J9NY0 32566J9NY0                                                                      JOQVY - ELUVIA -,32566J9NY0 9181366721VI,51368.30,51368.30,0.00,0.00,2023-01-21,2023-01-21,0,"Publisher-labeled 1:1 match; numerical differences are review evidence, not a fraud/loss label."
10643921952,571725559914,781757072453,USD_2023-01-04_ACC#00001_66912     66325663250 32566TDRDG 088            BOSCH ASPECTABLE SMILAX   GFG       VC0 32566TDRDG 088            BOSCH ASPECTABLE,USD_2023-01-04_ACC#00001_66912     66325663250 32566TDRDG 088            BOSCH ASPECTABLE SMILAX   GFG       VC0 32566TDRDG 088            BOSCH ASPECTABLE,RULE 3,A=0;B=0,32566TDRDG 32566TDRDG                                                                      BOSCH ASPECTABLE,32566TDRDG 4442766732VI,2851866.34,2851866.34,0.00,0.00,2023-01-04,2023-01-04,0,"Publisher-labeled 1:1 match; numerical differences are review evidence, not a fraud/loss label."
106502823627,550034956786,193962264606,USD_2023-02-25_ACC#00001_66912     66325663250 32566RBL1Y 088            JOQVY - ELUVIA - SMILAX   GFG       VC0 32566RBL1Y 088            JOQVY - ELUVIA -,USD_2023-02-25_ACC#00001_66912     66325663250 32566RBL1Y 088            JOQVY - ELUVIA - SMILAX   GFG       VC0 32566RBL1Y 088            JOQVY - ELUVIA -,RULE 3,A=0;B=0,32566RBL1Y 32566RBL1Y                                                                      JOQVY - ELUVIA -,32566RBL1Y 5245066165VI,115330.90,115330.90,0.00,0.00,2023-02-25,2023-02-25,0,"Publisher-labeled 1:1 match; numerical differences are review evidence, not a fraud/loss label."
106879759980,847735114303,82114575055,USD_2023-01-13_ACC#00001_66912     66325663250 32566J41EP 088            JOQVY - BAS - DG SMILAX   GFG       VC0 32566J41EP 088            JOQVY - BAS - DG,USD_2023-01-13_ACC#00001_66912     66325663250 32566J41EP 088            JOQVY - BAS - DG SMILAX   GFG       VC0 32566J41EP 088            JOQVY - BAS - DG,RULE 3,A=0;B=0,32566J41EP 32566J41EP                                                                      JOQVY - BAS - DG,32566J41EP 2339566744VI,5438.82,5438.82,0.00,0.00,2023-01-13,2023-01-13,0,"Publisher-labeled 1:1 match; numerical differences are review evidence, not a fraud/loss label."
107231719851,51934621566,701732811669,USD_2023-01-19_ACC#00001_66912     6033960339 SMILAX   GPD,USD_2023-01-19_ACC#00001_66912     6033960339 SMILAX   GPD,RULE 3,A=0;B=0,AHT9126666791422 AHT9126666791422,AHT9126666791422 8510566727XD,-640049.00,-640049.00,0.00,0.00,2023-01-19,2023-01-19,0,"Publisher-labeled 1:1 match; numerical differences are review evidence, not a fraud/loss label."
10730369580,782908994638,166810954775,USD_2023-01-01_ACC#00001_66912     6692666926 SMILAX   GPD,USD_2023-01-01_ACC#00001_66912     6692666926 SMILAX   GPD,RULE 3,A=0;B=0,IYO9126666755236 IYO9126666755236,IYO9126666755236 1992366738VI,-20657919.00,-20657919.00,0.00,0.00,2023-01-01,2023-01-01,0,"Publisher-labeled 1:1 match; numerical differences are review evidence, not a fraud/loss label."
107538463103,517000930224,395101543276,USD_2023-01-25_ACC#00001_66912     66325663250 32566KA7J5 088            JO TONITE AGGEST SMILAX   GFG       VC0 32566KA7J5 088            JO TONITE AGGEST,USD_2023-01-25_ACC#00001_66912     66325663250 32566KA7J5 088            JO TONITE AGGEST SMILAX   GFG       VC0 32566KA7J5 088            JO TONITE AGGEST,RULE 3,A=0;B=0,32566KA7J5 32566KA7J5                                                                      JO TONITE AGGEST,32566KA7J5 9236466725VI,776.15,776.15,0.00,0.00,2023-01-25,2023-01-25,0,"Publisher-labeled 1:1 match; numerical differences are review evidence, not a fraud/loss label."
107888038192,385896795235,978473140405,USD_2023-02-23_ACC#00001_66912     66325663250 32566RPAMN 088            ESNE - OL OGPU L SMILAX   GFG       VC0 32566RPAMN 088            ESNE - OL OGPU L,USD_2023-02-23_ACC#00001_66912     66325663250 32566RPAMN 088            ESNE - OL OGPU L SMILAX   GFG       VC0 32566RPAMN 088            ESNE - OL OGPU L,RULE 3,A=0;B=0,32566RPAMN 32566RPAMN                                                                      ESNE - OL OGPU L,32566RPAMN 7581766162VI,1273830.85,1273830.85,0.00,0.00,2023-02-23,2023-02-23,0,"Publisher-labeled 1:1 match; numerical differences are review evidence, not a fraud/loss label."
10848950078,90755829096,888157216,USD_2023-01-20_ACC#00001_66912     66325663250 32566J90DJ 088            JOQVY - BAS - DG SMILAX   GFG       VC0 32566J90DJ 088            JOQVY - BAS - DG,USD_2023-01-20_ACC#00001_66912     66325663250 32566J90DJ 088            JOQVY - BAS - DG SMILAX   GFG       VC0 32566J90DJ 088            JOQVY - BAS - DG,RULE 3,A=0;B=0,32566J90DJ 32566J90DJ                                                                      JOQVY - BAS - DG,32566J90DJ 8936166727VI,44805.70,44805.70,0.00,0.00,2023-01-20,2023-01-20,0,"Publisher-labeled 1:1 match; numerical differences are review evidence, not a fraud/loss label."
108507366716,417320873830,22346430436,USD_2023-02-11_ACC#00001_66912     66325663250 32566RHF7M 088            JOQVY - ELUVIA - SMILAX   GFG       VC0 32566RHF7M 088            JOQVY - ELUVIA -,USD_2023-02-11_ACC#00001_66912     66325663250 32566RHF7M 088            JOQVY - ELUVIA - SMILAX   GFG       VC0 32566RHF7M 088            JOQVY - ELUVIA -,RULE 3,A=0;B=0,32566RHF7M 32566RHF7M                                                                      JOQVY - ELUVIA -,32566RHF7M 2523066798VI,9194.90,9194.90,0.00,0.00,2023-02-11,2023-02-11,0,"Publisher-labeled 1:1 match; numerical differences are review evidence, not a fraud/loss label."
109261790669,336931375307,362155215126,USD_2023-01-07_ACC#00001_66912     66325663250 32566J6RFN 088            JOQVY - ELUVIA - SMILAX   GFG       VC0 32566J6RFN 088            JOQVY - ELUVIA -,USD_2023-01-07_ACC#00001_66912     66325663250 32566J6RFN 088            JOQVY - ELUVIA - SMILAX   GFG       VC0 32566J6RFN 088            JOQVY - ELUVIA -,RULE 3,A=0;B=0,32566J6RFN 32566J6RFN                                                                      JOQVY - ELUVIA -,32566J6RFN 2123866739VI,238793.06,238793.06,0.00,0.00,2023-01-07,2023-01-07,0,"Publisher-labeled 1:1 match; numerical differences are review evidence, not a fraud/loss label."
109907488713,572325842197,915307844204,USD_2023-02-15_ACC#00001_66912     6107361073 SMILAX   GPD,USD_2023-02-15_ACC#00001_66912     6107361073 SMILAX   GPD,RULE 3,A=0;B=0,UVA9126666167318 UVA9126666167318,UVA9126666167318 0695166799MT,-5738466.00,-5738466.00,0.00,0.00,2023-02-15,2023-02-15,0,"Publisher-labeled 1:1 match; numerical differences are review evidence, not a fraud/loss label."
110057479082,931206644440,594001469076,USD_2023-02-11_ACC#00001_66912     6107361073 SMILAX   GPD,USD_2023-02-11_ACC#00001_66912     6107361073 SMILAX   GPD,RULE 3,A=0;B=0,UVA9126666160415 UVA9126666160415,UVA9126666160415 6127066793VI,514588.00,514588.00,0.00,0.00,2023-02-11,2023-02-11,0,"Publisher-labeled 1:1 match; numerical differences are review evidence, not a fraud/loss label."
110158198093,935310051180,828502768131,USD_2023-01-27_ACC#00001_66912     66325663250 32566RVDY2 088            JOQGO IW-OQGO FL SMILAX   GFG       VC0 32566RVDY2 088            JOQGO IW-OQGO FL,USD_2023-01-27_ACC#00001_66912     66325663250 32566RVDY2 088            JOQGO IW-OQGO FL SMILAX   GFG       VC0 32566RVDY2 088            JOQGO IW-OQGO FL,RULE 3,A=0;B=0,32566RVDY2 32566RVDY2                                                                      JOQGO IW-OQGO FL,32566RVDY2 4231766756VI,59383521.00,59383521.00,0.00,0.00,2023-01-27,2023-01-27,0,"Publisher-labeled 1:1 match; numerical differences are review evidence, not a fraud/loss label."
11098018974,275487676894,374763426563,USD_2023-01-05_ACC#00001_66912     6692666926 SMILAX   GPD,USD_2023-01-05_ACC#00001_66912     6692666926 SMILAX   GPD,RULE 3,A=0;B=0,IYO9126666759397 IYO9126666759397,IYO9126666759397 7040766735VI,549591.00,549591.00,0.00,0.00,2023-01-05,2023-01-05,0,"Publisher-labeled 1:1 match; numerical differences are review evidence, not a fraud/loss label."
111017162640,351025507331,183580337253,USD_2023-02-19_ACC#00001_66912     66325663250 32566RO4I5 088            JOQVY - BAS - DG SMILAX   GFG       VC0 32566RO4I5 088            JOQVY - BAS - DG,USD_2023-02-19_ACC#00001_66912     66325663250 32566RO4I5 088            JOQVY - BAS - DG SMILAX   GFG       VC0 32566RO4I5 088            JOQVY - BAS - DG,RULE 3,A=0;B=0,32566RO4I5 32566RO4I5                                                                      JOQVY - BAS - DG,32566RO4I5 0388066167VI,22271.38,22271.38,0.00,0.00,2023-02-19,2023-02-19,0,"Publisher-labeled 1:1 match; numerical differences are review evidence, not a fraud/loss label."
111075650763,964547017900,376249078623,USD_2023-01-12_ACC#00001_66912     6107361073 SMILAX   GPD,USD_2023-01-12_ACC#00001_66912     6107361073 SMILAX   GPD,RULE 3,A=0;B=0,UVA9126666790206 UVA9126666790206,UVA9126666790206 9675066743FW,-147520403.00,-147520403.00,0.00,0.00,2023-01-12,2023-01-12,0,"Publisher-labeled 1:1 match; numerical differences are review evidence, not a fraud/loss label."
111081902209,146995713465,969389958011,USD_2023-01-11_ACC#00001_66912     66325663250 37266J1BNO 088            INKROOT LIKED BY SMILAX   GFG       VC0 37266J1BNO 088            INKROOT LIKED BY,USD_2023-01-11_ACC#00001_66912     66325663250 37266J1BNO 088            INKROOT LIKED BY SMILAX   GFG       VC0 37266J1BNO 088            INKROOT LIKED BY,RULE 3,A=0;B=0,37266J1BNO 37266J1BNO                                                                      INKROOT LIKED BY,37266J1BNO 5478766748VI,6438.54,6438.54,0.00,0.00,2023-01-11,2023-01-11,0,"Publisher-labeled 1:1 match; numerical differences are review evidence, not a fraud/loss label."
111277723597,170326856426,429127548493,USD_2023-02-09_ACC#00001_66912     6033960339 SMILAX   GPD,USD_2023-02-09_ACC#00001_66912     6033960339 SMILAX   GPD,RULE 3,A=0;B=0,AHT9126666166401 AHT9126666166401,AHT9126666166401 8483266791XD,-32876559.00,-32876559.00,0.00,0.00,2023-02-09,2023-02-09,0,"Publisher-labeled 1:1 match; numerical differences are review evidence, not a fraud/loss label."
111292581409,67179212916,523955688149,USD_2023-02-18_ACC#00001_66912     6033960339 SMILAX   GPD,USD_2023-02-18_ACC#00001_66912     6033960339 SMILAX   GPD,RULE 3,A=0;B=0,AHT9126666161096 AHT9126666161096,AHT9126666161096 7965166167XD,-716938.00,-716938.00,0.00,0.00,2023-02-18,2023-02-18,0,"Publisher-labeled 1:1 match; numerical differences are review evidence, not a fraud/loss label."
111398699241,877158627385,622885370770,USD_2023-01-14_ACC#00001_66912     66325663250 32566J4IP5 088            JOQVY DE -ELUVIA SMILAX   GFG       VC0 32566J4IP5 088            JOQVY DE -ELUVIA,USD_2023-01-14_ACC#00001_66912     66325663250 32566J4IP5 088            JOQVY DE -ELUVIA SMILAX   GFG       VC0 32566J4IP5 088            JOQVY DE -ELUVIA,RULE 3,A=0;B=0,32566J4IP5 32566J4IP5                                                                      JOQVY DE -ELUVIA,32566J4IP5 6251766742VI,1216.69,1216.69,0.00,0.00,2023-01-14,2023-01-14,0,"Publisher-labeled 1:1 match; numerical differences are review evidence, not a fraud/loss label."
111515534823,767908830064,598227832949,USD_2023-01-21_ACC#00001_66912     66325663250 32566J9M6V 088            JOQVY - ELUVIA - SMILAX   GFG       VC0 32566J9M6V 088            JOQVY - ELUVIA -,USD_2023-01-21_ACC#00001_66912     66325663250 32566J9M6V 088            JOQVY - ELUVIA - SMILAX   GFG       VC0 32566J9M6V 088            JOQVY - ELUVIA -,RULE 3,A=0;B=0,32566J9M6V 32566J9M6V                                                                      JOQVY - ELUVIA -,32566J9M6V 9182866721VI,489299.24,489299.24,0.00,0.00,2023-01-21,2023-01-21,0,"Publisher-labeled 1:1 match; numerical differences are review evidence, not a fraud/loss label."
111983491306,790502075354,136534215322,USD_2023-01-07_ACC#00001_66912     66325663250 32566J6ROI 088            JOQVY - BAS - DG SMILAX   GFG       VC0 32566J6ROI 088            JOQVY - BAS - DG,USD_2023-01-07_ACC#00001_66912     66325663250 32566J6ROI 088            JOQVY - BAS - DG SMILAX   GFG       VC0 32566J6ROI 088            JOQVY - BAS - DG,RULE 3,A=0;B=0,32566J6ROI 32566J6ROI                                                                      JOQVY - BAS - DG,32566J6ROI 2185366739VI,74356.64,74356.64,0.00,0.00,2023-01-07,2023-01-07,0,"Publisher-labeled 1:1 match; numerical differences are review evidence, not a fraud/loss label."
112773099420,764742194432,915996213563,USD_2023-01-14_ACC#00001_66912     66325663250 32566J4K31 088            JOQVY - ELUVIA - SMILAX   GFG       VC0 32566J4K31 088            JOQVY - ELUVIA -,USD_2023-01-14_ACC#00001_66912     66325663250 32566J4K31 088            JOQVY - ELUVIA - SMILAX   GFG       VC0 32566J4K31 088            JOQVY - ELUVIA -,RULE 3,A=0;B=0,32566J4K31 32566J4K31                                                                      JOQVY - ELUVIA -,32566J4K31 5514866744VI,80835.27,80835.27,0.00,0.00,2023-01-14,2023-01-14,0,"Publisher-labeled 1:1 match; numerical differences are review evidence, not a fraud/loss label."
113581583241,912544578032,231717233291,USD_2023-02-26_ACC#00001_66912     66071660710 07166RBDOA 088            JOQ COLUMNATED M SMILAX   GFG       VC0 07166RBDOA 088            JOQ COLUMNATED M,USD_2023-02-26_ACC#00001_66912     66071660710 07166RBDOA 088            JOQ COLUMNATED M SMILAX   GFG       VC0 07166RBDOA 088            JOQ COLUMNATED M,RULE 3,A=0;B=0,07166RBDOA 07166RBDOA                                                                      JOQ COLUMNATED M,07166RBDOA 7430766169VI,158968.52,158968.52,0.00,0.00,2023-02-26,2023-02-26,0,"Publisher-labeled 1:1 match; numerical differences are review evidence, not a fraud/loss label."
114917252621,194894935044,148292735251,USD_2023-01-27_ACC#00001_66912     66325663250 32566RVNDD 088            JOQGO IW-OQGO FL SMILAX   GFG       VC0 32566RVNDD 088            JOQGO IW-OQGO FL,USD_2023-01-27_ACC#00001_66912     66325663250 32566RVNDD 088            JOQGO IW-OQGO FL SMILAX   GFG       VC0 32566RVNDD 088            JOQGO IW-OQGO FL,RULE 3,A=0;B=0,32566RVNDD 32566RVNDD                                                                      JOQGO IW-OQGO FL,32566RVNDD 4281266756VI,63377507.14,63377507.14,0.00,0.00,2023-01-27,2023-01-27,0,"Publisher-labeled 1:1 match; numerical differences are review evidence, not a fraud/loss label."
116013110366,616885851357,563151334588,USD_2023-02-09_ACC#00001_66912     66325663250 37266RJFNK 088            JOQVY ELUVIA LG SMILAX   GFG       VC0 37266RJFNK 088            JOQVY ELUVIA LG,USD_2023-02-09_ACC#00001_66912     66325663250 37266RJFNK 088            JOQVY ELUVIA LG SMILAX   GFG       VC0 37266RJFNK 088            JOQVY ELUVIA LG,RULE 3,A=0;B=0,37266RJFNK 37266RJFNK                                                                      JOQVY ELUVIA LG,37266RJFNK 9452766797VI,4583.33,4583.33,0.00,0.00,2023-02-09,2023-02-09,0,"Publisher-labeled 1:1 match; numerical differences are review evidence, not a fraud/loss label."
116042663950,320297850473,424348481737,USD_2023-01-19_ACC#00001_66912     66325663250 32566J5DL8 088            JOQVY - BAS - DG SMILAX   GFG       VC0 32566J5DL8 088            JOQVY - BAS - DG,USD_2023-01-19_ACC#00001_66912     66325663250 32566J5DL8 088            JOQVY - BAS - DG SMILAX   GFG       VC0 32566J5DL8 088            JOQVY - BAS - DG,RULE 3,A=0;B=0,32566J5DL8 32566J5DL8                                                                      JOQVY - BAS - DG,32566J5DL8 1051566727VI,161727.29,161727.29,0.00,0.00,2023-01-19,2023-01-19,0,"Publisher-labeled 1:1 match; numerical differences are review evidence, not a fraud/loss label."
116499212734,733861343769,16480984479,USD_2023-01-12_ACC#00001_66912     6033960339 SMILAX   GPD,USD_2023-01-12_ACC#00001_66912     6033960339 SMILAX   GPD,RULE 3,A=0;B=0,AHT9126666796928 AHT9126666796928,AHT9126666796928 1668866743XD,-543660.00,-543660.00,0.00,0.00,2023-01-12,2023-01-12,0,"Publisher-labeled 1:1 match; numerical differences are review evidence, not a fraud/loss label."
117106093397,714562383413,448358439856,USD_2023-02-25_ACC#00001_66912     66325663250 32566RBBII 088            JOQVY - BAS - SF SMILAX   GFG       VC0 32566RBBII 088            JOQVY - BAS - SF,USD_2023-02-25_ACC#00001_66912     66325663250 32566RBBII 088            JOQVY - BAS - SF SMILAX   GFG       VC0 32566RBBII 088            JOQVY - BAS - SF,RULE 3,A=0;B=0,32566RBBII 32566RBBII                                                                      JOQVY - BAS - SF,32566RBBII 0811166169VI,44800.20,44800.20,0.00,0.00,2023-02-25,2023-02-25,0,"Publisher-labeled 1:1 match; numerical differences are review evidence, not a fraud/loss label."
11765596112,497282887685,19386305746,USD_2023-01-14_ACC#00001_66912     66325663250 32566J4JTL 088            JOQVY - ELUVIA - SMILAX   GFG       VC0 32566J4JTL 088            JOQVY - ELUVIA -,USD_2023-01-14_ACC#00001_66912     66325663250 32566J4JTL 088            JOQVY - ELUVIA - SMILAX   GFG       VC0 32566J4JTL 088            JOQVY - ELUVIA -,RULE 3,A=0;B=0,32566J4JTL 32566J4JTL                                                                      JOQVY - ELUVIA -,32566J4JTL 5573966744VI,668498.13,668498.13,0.00,0.00,2023-01-14,2023-01-14,0,"Publisher-labeled 1:1 match; numerical differences are review evidence, not a fraud/loss label."
117939083453,420972432094,100597601719,USD_2023-01-06_ACC#00001_66912     66325663250 32566J639X 088            JOQ KEF LEW EFI- SMILAX   GFG       VC0 32566J639X 088            JOQ KEF LEW EFI-,USD_2023-01-06_ACC#00001_66912     66325663250 32566J639X 088            JOQ KEF LEW EFI- SMILAX   GFG       VC0 32566J639X 088            JOQ KEF LEW EFI-,RULE 3,A=0;B=0,32566J639X 32566J639X                                                                      JOQ KEF LEW EFI-,32566J639X 3385766739VI,31571000.00,31571000.00,0.00,0.00,2023-01-06,2023-01-06,0,"Publisher-labeled 1:1 match; numerical differences are review evidence, not a fraud/loss label."
11797595896,542425563244,729836163983,USD_2023-02-03_ACC#00001_66912     66325663250 32566RML9D 088            JOQVY - BAS - DG SMILAX   GFG       VC0 32566RML9D 088            JOQVY - BAS - DG,USD_2023-02-03_ACC#00001_66912     66325663250 32566RML9D 088            JOQVY - BAS - DG SMILAX   GFG       VC0 32566RML9D 088            JOQVY - BAS - DG,RULE 3,A=0;B=0,32566RML9D 32566RML9D                                                                      JOQVY - BAS - DG,32566RML9D 1075866754VI,967.94,967.94,0.00,0.00,2023-02-03,2023-02-03,0,"Publisher-labeled 1:1 match; numerical differences are review evidence, not a fraud/loss label."
118315255425,331072850333,51175664023,USD_2023-01-19_ACC#00001_66912     66325663250 32566J5E9M 088            JOQVY DE -ELUVIA SMILAX   GFG       VC0 32566J5E9M 088            JOQVY DE -ELUVIA,USD_2023-01-19_ACC#00001_66912     66325663250 32566J5E9M 088            JOQVY DE -ELUVIA SMILAX   GFG       VC0 32566J5E9M 088            JOQVY DE -ELUVIA,RULE 3,A=0;B=0,32566J5E9M 32566J5E9M                                                                      JOQVY DE -ELUVIA,32566J5E9M 0675966720VI,3521.65,3521.65,0.00,0.00,2023-01-19,2023-01-19,0,"Publisher-labeled 1:1 match; numerical differences are review evidence, not a fraud/loss label."
118815589556,888117906074,621282058442,USD_2023-02-19_ACC#00001_66912     66325663250 37266ROPRM 088            LG HATRED VOWED SMILAX   GFG       VC0 37266ROPRM 088            LG HATRED VOWED,USD_2023-02-19_ACC#00001_66912     66325663250 37266ROPRM 088            LG HATRED VOWED SMILAX   GFG       VC0 37266ROPRM 088            LG HATRED VOWED,RULE 3,A=0;B=0,37266ROPRM 37266ROPRM                                                                      LG HATRED VOWED,37266ROPRM 8503666161VI,128154.14,128154.14,0.00,0.00,2023-02-19,2023-02-19,0,"Publisher-labeled 1:1 match; numerical differences are review evidence, not a fraud/loss label."
119122381996,219111588192,10390990045,USD_2023-01-18_ACC#00001_66912     6033960339 SMILAX   GPD,USD_2023-01-18_ACC#00001_66912     6033960339 SMILAX   GPD,RULE 3,A=0;B=0,AHT9126666791090 AHT9126666791090,AHT9126666791090 8910766720XD,-718091.00,-718091.00,0.00,0.00,2023-01-18,2023-01-18,0,"Publisher-labeled 1:1 match; numerical differences are review evidence, not a fraud/loss label."
119715151082,628611398273,69257510081,USD_2023-01-07_ACC#00001_66912     66325663250 32566J6W4J 088            JOQVY - ELUVIA - SMILAX   GFG       VC0 32566J6W4J 088            JOQVY - ELUVIA -,USD_2023-01-07_ACC#00001_66912     66325663250 32566J6W4J 088            JOQVY - ELUVIA - SMILAX   GFG       VC0 32566J6W4J 088            JOQVY - ELUVIA -,RULE 3,A=0;B=0,32566J6W4J 32566J6W4J                                                                      JOQVY - ELUVIA -,32566J6W4J 2153666739VI,262636.20,262636.20,0.00,0.00,2023-01-07,2023-01-07,0,"Publisher-labeled 1:1 match; numerical differences are review evidence, not a fraud/loss label."
121145514147,495678314700,189475500396,USD_2023-01-14_ACC#00001_66912     66325663250 32566J4JHU 088            JOQVY DE -ELUVIA SMILAX   GFG       VC0 32566J4JHU 088            JOQVY DE -ELUVIA,USD_2023-01-14_ACC#00001_66912     66325663250 32566J4JHU 088            JOQVY DE -ELUVIA SMILAX   GFG       VC0 32566J4JHU 088            JOQVY DE -ELUVIA,RULE 3,A=0;B=0,32566J4JHU 32566J4JHU                                                                      JOQVY DE -ELUVIA,32566J4JHU 5577466744VI,23046.04,23046.04,0.00,0.00,2023-01-14,2023-01-14,0,"Publisher-labeled 1:1 match; numerical differences are review evidence, not a fraud/loss label."
121200096994,984044334792,80746475156,USD_2023-01-14_ACC#00001_66912     66071660710 07166J4HH3 088            JOQVY DE-BAS - L SMILAX   GFG       VC0 07166J4HH3 088            JOQVY DE-BAS - L,USD_2023-01-14_ACC#00001_66912     66071660710 07166J4HH3 088            JOQVY DE-BAS - L SMILAX   GFG       VC0 07166J4HH3 088            JOQVY DE-BAS - L,RULE 3,A=0;B=0,07166J4HH3 07166J4HH3                                                                      JOQVY DE-BAS - L,07166J4HH3 5511966744VI,1914940.00,1914940.00,0.00,0.00,2023-01-14,2023-01-14,0,"Publisher-labeled 1:1 match; numerical differences are review evidence, not a fraud/loss label."
121464415787,394853408847,760696695987,USD_2023-01-07_ACC#00001_66912     66325663250 32566J6CM4 088            JOQVY - ELUVIA - SMILAX   GFG       VC0 32566J6CM4 088            JOQVY - ELUVIA -,USD_2023-01-07_ACC#00001_66912     66325663250 32566J6CM4 088            JOQVY - ELUVIA - SMILAX   GFG       VC0 32566J6CM4 088            JOQVY - ELUVIA -,RULE 3,A=0;B=0,32566J6CM4 32566J6CM4                                                                      JOQVY - ELUVIA -,32566J6CM4 2157966739VI,4001790.70,4001790.70,0.00,0.00,2023-01-07,2023-01-07,0,"Publisher-labeled 1:1 match; numerical differences are review evidence, not a fraud/loss label."
121495065699,509601298223,329879604383,USD_2023-02-11_ACC#00001_66912     6033960339 SMILAX   GPD,USD_2023-02-11_ACC#00001_66912     6033960339 SMILAX   GPD,RULE 3,A=0;B=0,VIP9126666160405 VIP9126666160405,VIP9126666160405 4417366793FW,-70977730.68,-70977730.68,0.00,0.00,2023-02-11,2023-02-11,0,"Publisher-labeled 1:1 match; numerical differences are review evidence, not a fraud/loss label."
121529570492,123204782637,568530028833,USD_2023-01-04_ACC#00001_66912     66325663250 32566TDRMR 088            JOQVY - BAS - DG SMILAX   GFG       VC0 32566TDRMR 088            JOQVY - BAS - DG,USD_2023-01-04_ACC#00001_66912     66325663250 32566TDRMR 088            JOQVY - BAS - DG SMILAX   GFG       VC0 32566TDRMR 088            JOQVY - BAS - DG,RULE 3,A=0;B=0,32566TDRMR 32566TDRMR                                                                      JOQVY - BAS - DG,32566TDRMR 8253466738VI,14558038.52,14558038.52,0.00,0.00,2023-01-04,2023-01-04,0,"Publisher-labeled 1:1 match; numerical differences are review evidence, not a fraud/loss label."
121574321789,149065034136,178514706230,USD_2023-01-11_ACC#00001_66912     6033960339 SMILAX   GPD,USD_2023-01-11_ACC#00001_66912     6033960339 SMILAX   GPD,RULE 3,A=0;B=0,VIP9126666790789 VIP9126666790789,VIP9126666790789 9057866748MT,-59440780.26,-59440780.26,0.00,0.00,2023-01-11,2023-01-11,0,"Publisher-labeled 1:1 match; numerical differences are review evidence, not a fraud/loss label."
121641702707,457162782250,397501312556,USD_2023-01-15_ACC#00001_66912     66071660710 07166J3MK2 088                      DOSSAL SMILAX   GFG       VC0 07166J3MK2 088                      DOSSAL,USD_2023-01-15_ACC#00001_66912     66071660710 07166J3MK2 088                      DOSSAL SMILAX   GFG       VC0 07166J3MK2 088                      DOSSAL,RULE 3,A=0;B=0,07166J3MK2 07166J3MK2                                                                                DOSSAL,07166J3MK2 3781066745VI,2175346.00,2175346.00,0.00,0.00,2023-01-15,2023-01-15,0,"Publisher-labeled 1:1 match; numerical differences are review evidence, not a fraud/loss label."
121768570802,844021783550,431301789694,USD_2023-02-04_ACC#00001_66912     66325663250 32566RL11M 088            JOQVY DE-BAS - T SMILAX   GFG       VC0 32566RL11M 088            JOQVY DE-BAS - T,USD_2023-02-04_ACC#00001_66912     66325663250 32566RL11M 088            JOQVY DE-BAS - T SMILAX   GFG       VC0 32566RL11M 088            JOQVY DE-BAS - T,RULE 3,A=0;B=0,32566RL11M 32566RL11M                                                                      JOQVY DE-BAS - T,32566RL11M 2118766752VI,64439.77,64439.77,0.00,0.00,2023-02-04,2023-02-04,0,"Publisher-labeled 1:1 match; numerical differences are review evidence, not a fraud/loss label."
121877483018,459878761068,202164325695,USD_2023-01-07_ACC#00001_66912     66325663250 32566J6RMQ 088            JOQVY - ELUVIA - SMILAX   GFG       VC0 32566J6RMQ 088            JOQVY - ELUVIA -,USD_2023-01-07_ACC#00001_66912     66325663250 32566J6RMQ 088            JOQVY - ELUVIA - SMILAX   GFG       VC0 32566J6RMQ 088            JOQVY - ELUVIA -,RULE 3,A=0;B=0,32566J6RMQ 32566J6RMQ                                                                      JOQVY - ELUVIA -,32566J6RMQ 2139166739VI,53966.30,53966.30,0.00,0.00,2023-01-07,2023-01-07,0,"Publisher-labeled 1:1 match; numerical differences are review evidence, not a fraud/loss label."
12245755746,328076778884,61101351806,USD_2023-02-25_ACC#00001_66912     66325663250 32566RBMRO 088            JOQVY - ELUVIA - SMILAX   GFG       VC0 32566RBMRO 088            JOQVY - ELUVIA -,USD_2023-02-25_ACC#00001_66912     66325663250 32566RBMRO 088            JOQVY - ELUVIA - SMILAX   GFG       VC0 32566RBMRO 088            JOQVY - ELUVIA -,RULE 3,A=0;B=0,32566RBMRO 32566RBMRO                                                                      JOQVY - ELUVIA -,32566RBMRO 5235766165VI,37883.02,37883.02,0.00,0.00,2023-02-25,2023-02-25,0,"Publisher-labeled 1:1 match; numerical differences are review evidence, not a fraud/loss label."
122736033902,970019801570,550911925585,USD_2023-01-13_ACC#00001_66912     66325663250 37266J3L0D 088            INKROOT LIKED BY SMILAX   GFG       VC0 37266J3L0D 088            INKROOT LIKED BY,USD_2023-01-13_ACC#00001_66912     66325663250 37266J3L0D 088            INKROOT LIKED BY SMILAX   GFG       VC0 37266J3L0D 088            INKROOT LIKED BY,RULE 3,A=0;B=0,37266J3L0D 37266J3L0D                                                                      INKROOT LIKED BY,37266J3L0D 1968266743VI,2249.00,2249.00,0.00,0.00,2023-01-13,2023-01-13,0,"Publisher-labeled 1:1 match; numerical differences are review evidence, not a fraud/loss label."
123030642242,33110951944,837444757970,USD_2023-01-11_ACC#00001_66912     66325663250 37266J1D1P 088            GLONOIN FLAYS KY SMILAX   GFG       VC0 37266J1D1P 088            GLONOIN FLAYS KY,USD_2023-01-11_ACC#00001_66912     66325663250 37266J1D1P 088            GLONOIN FLAYS KY SMILAX   GFG       VC0 37266J1D1P 088            GLONOIN FLAYS KY,RULE 3,A=0;B=0,37266J1D1P 37266J1D1P                                                                      GLONOIN FLAYS KY,37266J1D1P 5704966741VI,4546.39,4546.39,0.00,0.00,2023-01-11,2023-01-11,0,"Publisher-labeled 1:1 match; numerical differences are review evidence, not a fraud/loss label."
123407313856,414088893287,151793249664,USD_2023-01-11_ACC#00001_66912     66325663250 37266J85SR 088            TOURNOIS GDUFL C SMILAX   GFG       VC0 37266J85SR 088            TOURNOIS GDUFL C,USD_2023-01-11_ACC#00001_66912     66325663250 37266J85SR 088            TOURNOIS GDUFL C SMILAX   GFG       VC0 37266J85SR 088            TOURNOIS GDUFL C,RULE 3,A=0;B=0,37266J85SR 37266J85SR                                                                      TOURNOIS GDUFL C,37266J85SR 5774066741VI,718.70,718.70,0.00,0.00,2023-01-11,2023-01-11,0,"Publisher-labeled 1:1 match; numerical differences are review evidence, not a fraud/loss label."
123563139329,424788498993,892981171101,USD_2023-02-02_ACC#00001_66912     66325663250 32566RKOA6 088            JOQVY - ELUVIA - SMILAX   GFG       VC0 32566RKOA6 088            JOQVY - ELUVIA -,USD_2023-02-02_ACC#00001_66912     66325663250 32566RKOA6 088            JOQVY - ELUVIA - SMILAX   GFG       VC0 32566RKOA6 088            JOQVY - ELUVIA -,RULE 3,A=0;B=0,32566RKOA6 32566RKOA6                                                                      JOQVY - ELUVIA -,32566RKOA6 4423366757VI,5929.50,5929.50,0.00,0.00,2023-02-02,2023-02-02,0,"Publisher-labeled 1:1 match; numerical differences are review evidence, not a fraud/loss label."
124372948339,904114454380,40874412103,USD_2023-02-04_ACC#00001_66912     6033960339 SMILAX   GPD,USD_2023-02-04_ACC#00001_66912     6033960339 SMILAX   GPD,RULE 3,A=0;B=0,VIP9126666799187 VIP9126666799187,VIP9126666799187 6031666755VI,13646300.00,13646300.00,0.00,0.00,2023-02-04,2023-02-04,0,"Publisher-labeled 1:1 match; numerical differences are review evidence, not a fraud/loss label."
124663720118,620347201042,310414080244,USD_2023-01-11_ACC#00001_66912     66325663250 37266J1GVN 088            INKROOT LIKED BY SMILAX   GFG       VC0 37266J1GVN 088            INKROOT LIKED BY,USD_2023-01-11_ACC#00001_66912     66325663250 37266J1GVN 088            INKROOT LIKED BY SMILAX   GFG       VC0 37266J1GVN 088            INKROOT LIKED BY,RULE 3,A=0;B=0,37266J1GVN 37266J1GVN                                                                      INKROOT LIKED BY,37266J1GVN 9912966748VI,31520.97,31520.97,0.00,0.00,2023-01-11,2023-01-11,0,"Publisher-labeled 1:1 match; numerical differences are review evidence, not a fraud/loss label."
124736586633,776841138908,294215650057,USD_2023-02-11_ACC#00001_66912     66325663250 32566RHF7E 088            JOQVY - ELUVIA - SMILAX   GFG       VC0 32566RHF7E 088            JOQVY - ELUVIA -,USD_2023-02-11_ACC#00001_66912     66325663250 32566RHF7E 088            JOQVY - ELUVIA - SMILAX   GFG       VC0 32566RHF7E 088            JOQVY - ELUVIA -,RULE 3,A=0;B=0,32566RHF7E 32566RHF7E                                                                      JOQVY - ELUVIA -,32566RHF7E 2544766798VI,75847.00,75847.00,0.00,0.00,2023-02-11,2023-02-11,0,"Publisher-labeled 1:1 match; numerical differences are review evidence, not a fraud/loss label."
125015268661,85921112894,270460634600,USD_2023-01-29_ACC#00001_66912     6033960339 SMILAX   GPD,USD_2023-01-29_ACC#00001_66912     6033960339 SMILAX   GPD,RULE 3,A=0;B=0,VIP9126666792340 VIP9126666792340,VIP9126666792340 7062566757FW,-3154642.90,-3154642.90,0.00,0.00,2023-01-29,2023-01-29,0,"Publisher-labeled 1:1 match; numerical differences are review evidence, not a fraud/loss label."
125501664524,301892924615,566621168938,USD_2023-01-18_ACC#00001_66912     6033960339 SMILAX   GPD,USD_2023-01-18_ACC#00001_66912     6033960339 SMILAX   GPD,RULE 3,A=0;B=0,AHT9126666791002 AHT9126666791002,AHT9126666791002 1481066720XD,-147643.00,-147643.00,0.00,0.00,2023-01-18,2023-01-18,0,"Publisher-labeled 1:1 match; numerical differences are review evidence, not a fraud/loss label."
125792812600,466136618838,531883058625,USD_2023-01-04_ACC#00001_66912     6033960339 SMILAX   GPD,USD_2023-01-04_ACC#00001_66912     6033960339 SMILAX   GPD,RULE 3,A=0;B=0,VIP9126666759081 VIP9126666759081,VIP9126666759081 2879066732VI,1788800.00,1788800.00,0.00,0.00,2023-01-04,2023-01-04,0,"Publisher-labeled 1:1 match; numerical differences are review evidence, not a fraud/loss label."
125983746959,779296646100,438225523777,USD_2023-02-23_ACC#00001_66912     66325663250 32566RPTBK 088            JOQVY DE -ELUVIA SMILAX   GFG       VC0 32566RPTBK 088            JOQVY DE -ELUVIA,USD_2023-02-23_ACC#00001_66912     66325663250 32566RPTBK 088            JOQVY DE -ELUVIA SMILAX   GFG       VC0 32566RPTBK 088            JOQVY DE -ELUVIA,RULE 3,A=0;B=0,32566RPTBK 32566RPTBK                                                                      JOQVY DE -ELUVIA,32566RPTBK 1867966162VI,468282.93,468282.93,0.00,0.00,2023-02-23,2023-02-23,0,"Publisher-labeled 1:1 match; numerical differences are review evidence, not a fraud/loss label."
12776602198,186979687841,727077304679,USD_2023-01-14_ACC#00001_66912     66325663250 32566J4K0B 088            JOQVY - ELUVIA - SMILAX   GFG       VC0 32566J4K0B 088            JOQVY - ELUVIA -,USD_2023-01-14_ACC#00001_66912     66325663250 32566J4K0B 088            JOQVY - ELUVIA - SMILAX   GFG       VC0 32566J4K0B 088            JOQVY - ELUVIA -,RULE 3,A=0;B=0,32566J4K0B 32566J4K0B                                                                      JOQVY - ELUVIA -,32566J4K0B 5515366744VI,227518.44,227518.44,0.00,0.00,2023-01-14,2023-01-14,0,"Publisher-labeled 1:1 match; numerical differences are review evidence, not a fraud/loss label."
127793359096,349388140447,612756427305,USD_2023-02-09_ACC#00001_66912     66325663250 32566RJD8K 088            SARTORIUS NA OFT SMILAX   GFG       VC0 32566RJD8K 088            SARTORIUS NA OFT,USD_2023-02-09_ACC#00001_66912     66325663250 32566RJD8K 088            SARTORIUS NA OFT SMILAX   GFG       VC0 32566RJD8K 088            SARTORIUS NA OFT,RULE 3,A=0;B=0,32566RJD8K 32566RJD8K                                                                      SARTORIUS NA OFT,32566RJD8K 0367366791VI,2092436.93,2092436.93,0.00,0.00,2023-02-09,2023-02-09,0,"Publisher-labeled 1:1 match; numerical differences are review evidence, not a fraud/loss label."
128174822230,3231614045,699705258401,USD_2023-01-06_ACC#00001_66912     66325663250 32566J63PQ 088            JOQ KEF LEW EFI- SMILAX   GFG       VC0 32566J63PQ 088            JOQ KEF LEW EFI-,USD_2023-01-06_ACC#00001_66912     66325663250 32566J63PQ 088            JOQ KEF LEW EFI- SMILAX   GFG       VC0 32566J63PQ 088            JOQ KEF LEW EFI-,RULE 3,A=0;B=0,32566J63PQ 32566J63PQ                                                                      JOQ KEF LEW EFI-,32566J63PQ 3382466739VI,56282190.00,56282190.00,0.00,0.00,2023-01-06,2023-01-06,0,"Publisher-labeled 1:1 match; numerical differences are review evidence, not a fraud/loss label."
128404754657,941111795891,126381331755,USD_2023-02-26_ACC#00001_66912     66325663250 32566BM3Y1 088            JOQVY - BAS - DG SMILAX   GFG       VC0 32566BM3Y1 088            JOQVY - BAS - DG,USD_2023-02-26_ACC#00001_66912     66325663250 32566BM3Y1 088            JOQVY - BAS - DG SMILAX   GFG       VC0 32566BM3Y1 088            JOQVY - BAS - DG,RULE 3,A=0;B=0,32566BM3Y1 32566BM3Y1                                                                      JOQVY - BAS - DG,32566BM3Y1 8405766106VI,6895.90,6895.90,0.00,0.00,2023-02-26,2023-02-26,0,"Publisher-labeled 1:1 match; numerical differences are review evidence, not a fraud/loss label."
128778506053,18070284059,720807185866,USD_2023-01-26_ACC#00001_66912     66325663250 32566RVL91 088            JOQVY DE -ELUVIA SMILAX   GFG       VC0 32566RVL91 088            JOQVY DE -ELUVIA,USD_2023-01-26_ACC#00001_66912     66325663250 32566RVL91 088            JOQVY DE -ELUVIA SMILAX   GFG       VC0 32566RVL91 088            JOQVY DE -ELUVIA,RULE 3,A=0;B=0,32566RVL91 32566RVL91                                                                      JOQVY DE -ELUVIA,32566RVL91 0650166725VI,756973.75,756973.75,0.00,0.00,2023-01-26,2023-01-26,0,"Publisher-labeled 1:1 match; numerical differences are review evidence, not a fraud/loss label."
12888508307,241424877744,83276102643,USD_2023-01-19_ACC#00001_66912     66325663250 32566J5Z5Q 088            JANT YA CWM WHUP SMILAX   GFG       VC0 32566J5Z5Q 088            JANT YA CWM WHUP,USD_2023-01-19_ACC#00001_66912     66325663250 32566J5Z5Q 088            JANT YA CWM WHUP SMILAX   GFG       VC0 32566J5Z5Q 088            JANT YA CWM WHUP,RULE 3,A=0;B=0,32566J5Z5Q 32566J5Z5Q                                                                      JANT YA CWM WHUP,32566J5Z5Q 0650266720VI,872452.31,872452.31,0.00,0.00,2023-01-19,2023-01-19,0,"Publisher-labeled 1:1 match; numerical differences are review evidence, not a fraud/loss label."
129344761084,598672131656,955938039840,USD_2023-01-13_ACC#00001_66912     6692666926 SMILAX   GPD,USD_2023-01-13_ACC#00001_66912     6692666926 SMILAX   GPD,RULE 3,A=0;B=0,IYO9126666797098 IYO9126666797098,IYO9126666797098 2968366744VI,-281329.00,-281329.00,0.00,0.00,2023-01-13,2023-01-13,0,"Publisher-labeled 1:1 match; numerical differences are review evidence, not a fraud/loss label."
129736732968,853648772512,503809431453,USD_2023-01-07_ACC#00001_66912     66325663250 32566J080G 088            JOQVY - BAS - DG SMILAX   GFG       VC0 32566J080G 088            JOQVY - BAS - DG,USD_2023-01-07_ACC#00001_66912     66325663250 32566J080G 088            JOQVY - BAS - DG SMILAX   GFG       VC0 32566J080G 088            JOQVY - BAS - DG,RULE 3,A=0;B=0,32566J080G 32566J080G                                                                      JOQVY - BAS - DG,32566J080G 5261366746VI,2180.43,2180.43,0.00,0.00,2023-01-07,2023-01-07,0,"Publisher-labeled 1:1 match; numerical differences are review evidence, not a fraud/loss label."
129756508633,670102774262,145866502406,USD_2023-01-22_ACC#00001_66912     66325663250 32566RY5Q2 088            JOQ KEF LEW EFI- SMILAX   GFG       VC0 32566RY5Q2 088            JOQ KEF LEW EFI-,USD_2023-01-22_ACC#00001_66912     66325663250 32566RY5Q2 088            JOQ KEF LEW EFI- SMILAX   GFG       VC0 32566RY5Q2 088            JOQ KEF LEW EFI-,RULE 3,A=0;B=0,32566RY5Q2 32566RY5Q2                                                                      JOQ KEF LEW EFI-,32566RY5Q2 3697166723VI,89295961.12,89295961.12,0.00,0.00,2023-01-22,2023-01-22,0,"Publisher-labeled 1:1 match; numerical differences are review evidence, not a fraud/loss label."
129855993713,467733660068,520713895429,USD_2023-01-07_ACC#00001_66912     66325663250 32566J6W04 088            JOQVY - ELUVIA - SMILAX   GFG       VC0 32566J6W04 088            JOQVY - ELUVIA -,USD_2023-01-07_ACC#00001_66912     66325663250 32566J6W04 088            JOQVY - ELUVIA - SMILAX   GFG       VC0 32566J6W04 088            JOQVY - ELUVIA -,RULE 3,A=0;B=0,32566J6W04 32566J6W04                                                                      JOQVY - ELUVIA -,32566J6W04 2126666739VI,57206.33,57206.33,0.00,0.00,2023-01-07,2023-01-07,0,"Publisher-labeled 1:1 match; numerical differences are review evidence, not a fraud/loss label."
130048781035,867561728918,814659416018,USD_2023-02-23_ACC#00001_66912     66325663250 32566RPA8S 088            ESNE - OL OGPU L SMILAX   GFG       VC0 32566RPA8S 088            ESNE - OL OGPU L,USD_2023-02-23_ACC#00001_66912     66325663250 32566RPA8S 088            ESNE - OL OGPU L SMILAX   GFG       VC0 32566RPA8S 088            ESNE - OL OGPU L,RULE 3,A=0;B=0,32566RPA8S 32566RPA8S                                                                      ESNE - OL OGPU L,32566RPA8S 7581166162VI,145119.51,145119.51,0.00,0.00,2023-02-23,2023-02-23,0,"Publisher-labeled 1:1 match; numerical differences are review evidence, not a fraud/loss label."
130702533206,182075848705,650653286484,USD_2023-02-25_ACC#00001_66912     66325663250 32566RBLJD 088            JOQVY - ELUVIA - SMILAX   GFG       VC0 32566RBLJD 088            JOQVY - ELUVIA -,USD_2023-02-25_ACC#00001_66912     66325663250 32566RBLJD 088            JOQVY - ELUVIA - SMILAX   GFG       VC0 32566RBLJD 088            JOQVY - ELUVIA -,RULE 3,A=0;B=0,32566RBLJD 32566RBLJD                                                                      JOQVY - ELUVIA -,32566RBLJD 5223166165VI,146696.17,146696.17,0.00,0.00,2023-02-25,2023-02-25,0,"Publisher-labeled 1:1 match; numerical differences are review evidence, not a fraud/loss label."
131091660230,788671593356,348591278173,USD_2023-01-13_ACC#00001_66912     66325663250 32566J3J1Z 088            JOQVY DE-BAS - T SMILAX   GFG       VC0 32566J3J1Z 088            JOQVY DE-BAS - T,USD_2023-01-13_ACC#00001_66912     66325663250 32566J3J1Z 088            JOQVY DE-BAS - T SMILAX   GFG       VC0 32566J3J1Z 088            JOQVY DE-BAS - T,RULE 3,A=0;B=0,32566J3J1Z 32566J3J1Z                                                                      JOQVY DE-BAS - T,32566J3J1Z 3074166743VI,27563783.30,27563783.30,0.00,0.00,2023-01-13,2023-01-13,0,"Publisher-labeled 1:1 match; numerical differences are review evidence, not a fraud/loss label."
131778471804,707022565864,944047422695,USD_2023-01-04_ACC#00001_66912     66325663250 32566TDRGU 088            JOQVY - BAS - DG SMILAX   GFG       VC0 32566TDRGU 088            JOQVY - BAS - DG,USD_2023-01-04_ACC#00001_66912     66325663250 32566TDRGU 088            JOQVY - BAS - DG SMILAX   GFG       VC0 32566TDRGU 088            JOQVY - BAS - DG,RULE 3,A=0;B=0,32566TDRGU 32566TDRGU                                                                      JOQVY - BAS - DG,32566TDRGU 8568966738VI,460356.54,460356.54,0.00,0.00,2023-01-04,2023-01-04,0,"Publisher-labeled 1:1 match; numerical differences are review evidence, not a fraud/loss label."
132850578076,304531418062,246652852843,USD_2023-01-01_ACC#00001_66912     66325663250 32566EH4HG 088            JOQVY - ELUVIA - SMILAX   GFG       VC0 32566EH4HG 088            JOQVY - ELUVIA -,USD_2023-01-01_ACC#00001_66912     66325663250 32566EH4HG 088            JOQVY - ELUVIA - SMILAX   GFG       VC0 32566EH4HG 088            JOQVY - ELUVIA -,RULE 3,A=0;B=0,32566EH4HG 32566EH4HG                                                                      JOQVY - ELUVIA -,32566EH4HG 1097166738VI,91862.26,91862.26,0.00,0.00,2023-01-01,2023-01-01,0,"Publisher-labeled 1:1 match; numerical differences are review evidence, not a fraud/loss label."
133034522342,202443603644,295738515592,USD_2023-01-11_ACC#00001_66912     66325663250 37266J82YL 088            INKROOT LIKED BY SMILAX   GFG       VC0 37266J82YL 088            INKROOT LIKED BY,USD_2023-01-11_ACC#00001_66912     66325663250 37266J82YL 088            INKROOT LIKED BY SMILAX   GFG       VC0 37266J82YL 088            INKROOT LIKED BY,RULE 3,A=0;B=0,37266J82YL 37266J82YL                                                                      INKROOT LIKED BY,37266J82YL 9991666748VI,4683.48,4683.48,0.00,0.00,2023-01-11,2023-01-11,0,"Publisher-labeled 1:1 match; numerical differences are review evidence, not a fraud/loss label."
133531221553,101005639966,529214940662,USD_2023-02-09_ACC#00001_66912     66325663250 37266RH6BY 088            TOURNOIS NONFARM SMILAX   GFG       VC0 37266RH6BY 088            TOURNOIS NONFARM,USD_2023-02-09_ACC#00001_66912     66325663250 37266RH6BY 088            TOURNOIS NONFARM SMILAX   GFG       VC0 37266RH6BY 088            TOURNOIS NONFARM,RULE 3,A=0;B=0,37266RH6BY 37266RH6BY                                                                      TOURNOIS NONFARM,37266RH6BY 0335466791VI,4229.70,4229.70,0.00,0.00,2023-02-09,2023-02-09,0,"Publisher-labeled 1:1 match; numerical differences are review evidence, not a fraud/loss label."
133810278271,264005883286,409620888745,USD_2023-01-28_ACC#00001_66912     66325663250 32566RIJ9S 088            JOQVY - ELUVIA - SMILAX   GFG       VC0 32566RIJ9S 088            JOQVY - ELUVIA -,USD_2023-01-28_ACC#00001_66912     66325663250 32566RIJ9S 088            JOQVY - ELUVIA - SMILAX   GFG       VC0 32566RIJ9S 088            JOQVY - ELUVIA -,RULE 3,A=0;B=0,32566RIJ9S 32566RIJ9S                                                                      JOQVY - ELUVIA -,32566RIJ9S 5276366756VI,99311.12,99311.12,0.00,0.00,2023-01-28,2023-01-28,0,"Publisher-labeled 1:1 match; numerical differences are review evidence, not a fraud/loss label."
133923322065,104275838864,136925782245,USD_2023-01-28_ACC#00001_66912     66325663250 32566RILIB 088            JOQVY - ELUVIA - SMILAX   GFG       VC0 32566RILIB 088            JOQVY - ELUVIA -,USD_2023-01-28_ACC#00001_66912     66325663250 32566RILIB 088            JOQVY - ELUVIA - SMILAX   GFG       VC0 32566RILIB 088            JOQVY - ELUVIA -,RULE 3,A=0;B=0,32566RILIB 32566RILIB                                                                      JOQVY - ELUVIA -,32566RILIB 5492266756VI,1587.50,1587.50,0.00,0.00,2023-01-28,2023-01-28,0,"Publisher-labeled 1:1 match; numerical differences are review evidence, not a fraud/loss label."
134312077215,515809035888,774405453479,USD_2023-02-26_ACC#00001_66912     66325663250 32566BM5UK 088            JOQVY DE -ELUVIA SMILAX   GFG       VC0 32566BM5UK 088            JOQVY DE -ELUVIA,USD_2023-02-26_ACC#00001_66912     66325663250 32566BM5UK 088            JOQVY DE -ELUVIA SMILAX   GFG       VC0 32566BM5UK 088            JOQVY DE -ELUVIA,RULE 3,A=0;B=0,32566BM5UK 32566BM5UK                                                                      JOQVY DE -ELUVIA,32566BM5UK 8979466106VI,1048900.00,1048900.00,0.00,0.00,2023-02-26,2023-02-26,0,"Publisher-labeled 1:1 match; numerical differences are review evidence, not a fraud/loss label."
134784104656,25628862259,389695496650,USD_2023-02-10_ACC#00001_66912     66325663250 32566RHLG8 088            JOQVY DE -ELUVIA SMILAX   GFG       VC0 32566RHLG8 088            JOQVY DE -ELUVIA,USD_2023-02-10_ACC#00001_66912     66325663250 32566RHLG8 088            JOQVY DE -ELUVIA SMILAX   GFG       VC0 32566RHLG8 088            JOQVY DE -ELUVIA,RULE 3,A=0;B=0,32566RHLG8 32566RHLG8                                                                      JOQVY DE -ELUVIA,32566RHLG8 3903766798VI,7043.00,7043.00,0.00,0.00,2023-02-10,2023-02-10,0,"Publisher-labeled 1:1 match; numerical differences are review evidence, not a fraud/loss label."
134901702110,734891093710,45703935292,USD_2023-01-11_ACC#00001_66912     66325663250 37266J3928 088            INFL MEZZO SAME SMILAX   GFG       VC0 37266J3928 088            INFL MEZZO SAME,USD_2023-01-11_ACC#00001_66912     66325663250 37266J3928 088            INFL MEZZO SAME SMILAX   GFG       VC0 37266J3928 088            INFL MEZZO SAME,RULE 3,A=0;B=0,37266J3928 37266J3928                                                                      INFL MEZZO SAME,37266J3928 6118266748VI,2249.00,2249.00,0.00,0.00,2023-01-11,2023-01-11,0,"Publisher-labeled 1:1 match; numerical differences are review evidence, not a fraud/loss label."
135069398462,391833612928,116959404205,USD_2023-01-25_ACC#00001_66912     66325663250 32566KA7D3 088            JOQVY-BAS-LG FIM SMILAX   GFG       VC0 32566KA7D3 088            JOQVY-BAS-LG FIM,USD_2023-01-25_ACC#00001_66912     66325663250 32566KA7D3 088            JOQVY-BAS-LG FIM SMILAX   GFG       VC0 32566KA7D3 088            JOQVY-BAS-LG FIM,RULE 3,A=0;B=0,32566KA7D3 32566KA7D3                                                                      JOQVY-BAS-LG FIM,32566KA7D3 9458766725VI,244.00,244.00,0.00,0.00,2023-01-25,2023-01-25,0,"Publisher-labeled 1:1 match; numerical differences are review evidence, not a fraud/loss label."
135353681164,340690246082,623048266237,USD_2023-01-29_ACC#00001_66912     66325663250 32566RKV57 088            JOQVY - BAS - DG SMILAX   GFG       VC0 32566RKV57 088            JOQVY - BAS - DG,USD_2023-01-29_ACC#00001_66912     66325663250 32566RKV57 088            JOQVY - BAS - DG SMILAX   GFG       VC0 32566RKV57 088            JOQVY - BAS - DG,RULE 3,A=0;B=0,32566RKV57 32566RKV57                                                                      JOQVY - BAS - DG,32566RKV57 3355866757VI,59846.96,59846.96,0.00,0.00,2023-01-29,2023-01-29,0,"Publisher-labeled 1:1 match; numerical differences are review evidence, not a fraud/loss label."
135413503398,841572802862,290096205928,USD_2023-01-13_ACC#00001_66912     66325663250 32566J415R 088            JOQVY - BAS - DG SMILAX   GFG       VC0 32566J415R 088            JOQVY - BAS - DG,USD_2023-01-13_ACC#00001_66912     66325663250 32566J415R 088            JOQVY - BAS - DG SMILAX   GFG       VC0 32566J415R 088            JOQVY - BAS - DG,RULE 3,A=0;B=0,32566J415R 32566J415R                                                                      JOQVY - BAS - DG,32566J415R 2342566744VI,12837.61,12837.61,0.00,0.00,2023-01-13,2023-01-13,0,"Publisher-labeled 1:1 match; numerical differences are review evidence, not a fraud/loss label."
135559345608,320154037246,129538541633,USD_2023-01-14_ACC#00001_66912     66325663250 32566J4JBU 088            JOQVY - ELUVIA - SMILAX   GFG       VC0 32566J4JBU 088            JOQVY - ELUVIA -,USD_2023-01-14_ACC#00001_66912     66325663250 32566J4JBU 088            JOQVY - ELUVIA - SMILAX   GFG       VC0 32566J4JBU 088            JOQVY - ELUVIA -,RULE 3,A=0;B=0,32566J4JBU 32566J4JBU                                                                      JOQVY - ELUVIA -,32566J4JBU 5512066744VI,24060.00,24060.00,0.00,0.00,2023-01-14,2023-01-14,0,"Publisher-labeled 1:1 match; numerical differences are review evidence, not a fraud/loss label."
13650652516,5254125175,777970024670,USD_2023-01-21_ACC#00001_66912     66325663250 32566J9H7M 088            JOQVY - ELUVIA - SMILAX   GFG       VC0 32566J9H7M 088            JOQVY - ELUVIA -,USD_2023-01-21_ACC#00001_66912     66325663250 32566J9H7M 088            JOQVY - ELUVIA - SMILAX   GFG       VC0 32566J9H7M 088            JOQVY - ELUVIA -,RULE 3,A=0;B=0,32566J9H7M 32566J9H7M                                                                      JOQVY - ELUVIA -,32566J9H7M 9119466721VI,147300.00,147300.00,0.00,0.00,2023-01-21,2023-01-21,0,"Publisher-labeled 1:1 match; numerical differences are review evidence, not a fraud/loss label."
136543811634,300123670484,816724450152,USD_2023-01-13_ACC#00001_66912     66325663250 32566J3RYV 088            JOQVY DE-BAS - T SMILAX   GFG       VC0 32566J3RYV 088            JOQVY DE-BAS - T,USD_2023-01-13_ACC#00001_66912     66325663250 32566J3RYV 088            JOQVY DE-BAS - T SMILAX   GFG       VC0 32566J3RYV 088            JOQVY DE-BAS - T,RULE 3,A=0;B=0,32566J3RYV 32566J3RYV                                                                      JOQVY DE-BAS - T,32566J3RYV 3074766743VI,136459511.50,136459511.50,0.00,0.00,2023-01-13,2023-01-13,0,"Publisher-labeled 1:1 match; numerical differences are review evidence, not a fraud/loss label."
136603016804,437394741567,515487856844,USD_2023-02-19_ACC#00001_66912     6692666926 SMILAX   GPD,USD_2023-02-19_ACC#00001_66912     6692666926 SMILAX   GPD,RULE 3,A=0;B=0,IYO9126666168175 IYO9126666168175,IYO9126666168175 3646466161VI,53957.00,53957.00,0.00,0.00,2023-02-19,2023-02-19,0,"Publisher-labeled 1:1 match; numerical differences are review evidence, not a fraud/loss label."
