reference,amount,currency,timestamp,direction,counterparty,description,source_id,source_reference,source_account,source_signed_amount,source_debit_or_credit,source_value_date,source_import_date,source_member,source_line
32566J639X,31571000.0000,USD,2023-01-06T00:00:00Z,CREDIT,,"CONTROLLED LAB / BenchRec production-derived, obfuscated source side B",100597601719,32566J639X 3385766739VI,ACC#00001,31571000.00,DR,2023-01-06,2023-01-07,BenchRec_cash_v1.0_train.csv,98076
AHT9126666791090,718091.0000,USD,2023-01-18T00:00:00Z,DEBIT,,"CONTROLLED LAB / BenchRec production-derived, obfuscated source side B",10390990045,AHT9126666791090 8910766720XD,ACC#00001,-718091.00,CR,2023-01-18,2023-01-19,BenchRec_cash_v1.0_train.csv,108085
32566KA7D3,244.0000,USD,2023-01-25T00:00:00Z,CREDIT,,"CONTROLLED LAB / BenchRec production-derived, obfuscated source side B",116959404205,32566KA7D3 9458766725VI,ACC#00001,244.00,DR,2023-01-25,2023-01-26,BenchRec_cash_v1.0_train.csv,114462
32566RQF4R,1293403.9300,EUR,2023-02-16T00:00:00Z,CREDIT,,"CONTROLLED LAB / BenchRec production-derived, obfuscated source side B",118194960406,32566RQF4R 7702366166VI,ACC#00001,1293403.93,DR,2023-02-16,2023-02-17,BenchRec_cash_v1.0_train.csv,133289
32566BM3Y1,6895.9000,USD,2023-02-26T00:00:00Z,CREDIT,,"CONTROLLED LAB / BenchRec production-derived, obfuscated source side B",126381331755,32566BM3Y1 8405766106VI,ACC#00001,6895.90,DR,2023-02-26,2023-02-27,BenchRec_cash_v1.0_train.csv,144599
32566J4JBU,24060.0000,USD,2023-01-14T00:00:00Z,CREDIT,,"CONTROLLED LAB / BenchRec production-derived, obfuscated source side B",129538541633,32566J4JBU 5512066744VI,ACC#00001,24060.00,DR,2023-01-14,2023-01-15,BenchRec_cash_v1.0_train.csv,106530
32566J6ROI,74356.6400,USD,2023-01-07T00:00:00Z,CREDIT,,"CONTROLLED LAB / BenchRec production-derived, obfuscated source side B",136534215322,32566J6ROI 2185366739VI,ACC#00001,74356.64,DR,2023-01-07,2023-01-08,BenchRec_cash_v1.0_train.csv,98674
32566RILIB,1587.5000,USD,2023-01-28T00:00:00Z,CREDIT,,"CONTROLLED LAB / BenchRec production-derived, obfuscated source side B",136925782245,32566RILIB 5492266756VI,ACC#00001,1587.50,DR,2023-01-28,2023-01-29,BenchRec_cash_v1.0_train.csv,118532
32566RY5Q2,89295961.1200,USD,2023-01-22T00:00:00Z,CREDIT,,"CONTROLLED LAB / BenchRec production-derived, obfuscated source side B",145866502406,32566RY5Q2 3697166723VI,ACC#00001,89295961.12,DR,2023-01-22,2023-01-23,BenchRec_cash_v1.0_train.csv,112705
32566RVNDD,63377507.1400,USD,2023-01-27T00:00:00Z,CREDIT,,"CONTROLLED LAB / BenchRec production-derived, obfuscated source side B",148292735251,32566RVNDD 4281266756VI,ACC#00001,63377507.14,DR,2023-01-27,2023-01-28,BenchRec_cash_v1.0_train.csv,115967
37266J85SR,718.7000,USD,2023-01-11T00:00:00Z,CREDIT,,"CONTROLLED LAB / BenchRec production-derived, obfuscated source side B",151793249664,37266J85SR 5774066741VI,ACC#00001,718.70,DR,2023-01-11,2023-01-12,BenchRec_cash_v1.0_train.csv,101846
AHT9126666796928,543660.0000,USD,2023-01-12T00:00:00Z,DEBIT,,"CONTROLLED LAB / BenchRec production-derived, obfuscated source side B",16480984479,AHT9126666796928 1668866743XD,ACC#00001,-543660.00,CR,2023-01-12,2023-01-13,BenchRec_cash_v1.0_train.csv,103450
IYO9126666755236,20657919.0000,USD,2023-01-01T00:00:00Z,DEBIT,,"CONTROLLED LAB / BenchRec production-derived, obfuscated source side B",166810954775,IYO9126666755236 1992366738VI,ACC#00001,-20657919.00,CR,2023-01-01,2023-01-02,BenchRec_cash_v1.0_train.csv,94017
IYO9126666791892,87413380.0000,USD,2023-01-18T00:00:00Z,CREDIT,,"CONTROLLED LAB / BenchRec production-derived, obfuscated source side B",169813416698,IYO9126666791892 6170566720VI,ACC#00001,87413380.00,DR,2023-01-18,2023-01-19,BenchRec_cash_v1.0_train.csv,108195
VIP9126666790789,59440780.2600,USD,2023-01-11T00:00:00Z,DEBIT,,"CONTROLLED LAB / BenchRec production-derived, obfuscated source side B",178514706230,VIP9126666790789 9057866748MT,ACC#00001,-59440780.26,CR,2023-01-11,2023-01-12,BenchRec_cash_v1.0_train.csv,101690
32566RO4I5,22271.3800,USD,2023-02-19T00:00:00Z,CREDIT,,"CONTROLLED LAB / BenchRec production-derived, obfuscated source side B",183580337253,32566RO4I5 0388066167VI,ACC#00001,22271.38,DR,2023-02-19,2023-02-20,BenchRec_cash_v1.0_train.csv,137165
32566J4JHU,23046.0400,USD,2023-01-14T00:00:00Z,CREDIT,,"CONTROLLED LAB / BenchRec production-derived, obfuscated source side B",189475500396,32566J4JHU 5577466744VI,ACC#00001,23046.04,DR,2023-01-14,2023-01-15,BenchRec_cash_v1.0_train.csv,106260
32566J4JTL,668498.1300,USD,2023-01-14T00:00:00Z,CREDIT,,"CONTROLLED LAB / BenchRec production-derived, obfuscated source side B",19386305746,32566J4JTL 5573966744VI,ACC#00001,668498.13,DR,2023-01-14,2023-01-15,BenchRec_cash_v1.0_train.csv,106674
32566RBL1Y,115330.9000,USD,2023-02-25T00:00:00Z,CREDIT,,"CONTROLLED LAB / BenchRec production-derived, obfuscated source side B",193962264606,32566RBL1Y 5245066165VI,ACC#00001,115330.90,DR,2023-02-25,2023-02-26,BenchRec_cash_v1.0_train.csv,143953
32566J6RMQ,53966.3000,USD,2023-01-07T00:00:00Z,CREDIT,,"CONTROLLED LAB / BenchRec production-derived, obfuscated source side B",202164325695,32566J6RMQ 2139166739VI,ACC#00001,53966.30,DR,2023-01-07,2023-01-08,BenchRec_cash_v1.0_train.csv,99085
32566RHF7M,9194.9000,USD,2023-02-11T00:00:00Z,CREDIT,,"CONTROLLED LAB / BenchRec production-derived, obfuscated source side B",22346430436,32566RHF7M 2523066798VI,ACC#00001,9194.90,DR,2023-02-11,2023-02-12,BenchRec_cash_v1.0_train.csv,129069
07166RBDOA,158968.5200,USD,2023-02-26T00:00:00Z,CREDIT,,"CONTROLLED LAB / BenchRec production-derived, obfuscated source side B",231717233291,07166RBDOA 7430766169VI,ACC#00001,158968.52,DR,2023-02-26,2023-02-27,BenchRec_cash_v1.0_train.csv,144730
32566EH4HG,91862.2600,USD,2023-01-01T00:00:00Z,CREDIT,,"CONTROLLED LAB / BenchRec production-derived, obfuscated source side B",246652852843,32566EH4HG 1097166738VI,ACC#00001,91862.26,DR,2023-01-01,2023-01-02,BenchRec_cash_v1.0_train.csv,93672
07166RFM54,209097.5400,USD,2023-03-04T00:00:00Z,CREDIT,,"CONTROLLED LAB / BenchRec production-derived, obfuscated source side B",266526114387,07166RFM54 3051266103VI,ACC#00001,209097.54,DR,2023-03-04,2023-03-05,BenchRec_cash_v1.0_train.csv,148314
VIP9126666792340,3154642.9000,USD,2023-01-29T00:00:00Z,DEBIT,,"CONTROLLED LAB / BenchRec production-derived, obfuscated source side B",270460634600,VIP9126666792340 7062566757FW,ACC#00001,-3154642.90,CR,2023-01-29,2023-01-30,BenchRec_cash_v1.0_train.csv,119048
32566J415R,12837.6100,USD,2023-01-13T00:00:00Z,CREDIT,,"CONTROLLED LAB / BenchRec production-derived, obfuscated source side B",290096205928,32566J415R 2342566744VI,ACC#00001,12837.61,DR,2023-01-13,2023-01-14,BenchRec_cash_v1.0_train.csv,104811
32566RHF7E,75847.0000,USD,2023-02-11T00:00:00Z,CREDIT,,"CONTROLLED LAB / BenchRec production-derived, obfuscated source side B",294215650057,32566RHF7E 2544766798VI,ACC#00001,75847.00,DR,2023-02-11,2023-02-12,BenchRec_cash_v1.0_train.csv,129016
37266J82YL,4683.4800,USD,2023-01-11T00:00:00Z,CREDIT,,"CONTROLLED LAB / BenchRec production-derived, obfuscated source side B",295738515592,37266J82YL 9991666748VI,ACC#00001,4683.48,DR,2023-01-11,2023-01-12,BenchRec_cash_v1.0_train.csv,101580
32566J9NY0,51368.3000,USD,2023-01-21T00:00:00Z,CREDIT,,"CONTROLLED LAB / BenchRec production-derived, obfuscated source side B",298612987916,32566J9NY0 9181366721VI,ACC#00001,51368.30,DR,2023-01-21,2023-01-22,BenchRec_cash_v1.0_train.csv,111516
37266J1GVN,31520.9700,USD,2023-01-11T00:00:00Z,CREDIT,,"CONTROLLED LAB / BenchRec production-derived, obfuscated source side B",310414080244,37266J1GVN 9912966748VI,ACC#00001,31520.97,DR,2023-01-11,2023-01-12,BenchRec_cash_v1.0_train.csv,102385
32566RO279,239389.1400,USD,2023-03-01T00:00:00Z,CREDIT,,"CONTROLLED LAB / BenchRec production-derived, obfuscated source side B",323873142418,32566RO279 0346266167VI,ACC#00001,239389.14,DR,2023-02-19,2023-02-20,BenchRec_cash_v1.0_train.csv,137216
VIP9126666160405,70977730.6800,USD,2023-02-11T00:00:00Z,DEBIT,,"CONTROLLED LAB / BenchRec production-derived, obfuscated source side B",329879604383,VIP9126666160405 4417366793FW,ACC#00001,-70977730.68,CR,2023-02-11,2023-02-12,BenchRec_cash_v1.0_train.csv,129603
37266J88MD,14354.9700,USD,2023-01-11T00:00:00Z,CREDIT,,"CONTROLLED LAB / BenchRec production-derived, obfuscated source side B",333059122753,37266J88MD 9945066748VI,ACC#00001,14354.97,DR,2023-01-11,2023-01-12,BenchRec_cash_v1.0_train.csv,102756
32566J3J1Z,27563783.3000,USD,2023-01-13T00:00:00Z,CREDIT,,"CONTROLLED LAB / BenchRec production-derived, obfuscated source side B",348591278173,32566J3J1Z 3074166743VI,ACC#00001,27563783.30,DR,2023-01-13,2023-01-14,BenchRec_cash_v1.0_train.csv,104315
32566J6RFN,238793.0600,USD,2023-01-07T00:00:00Z,CREDIT,,"CONTROLLED LAB / BenchRec production-derived, obfuscated source side B",362155215126,32566J6RFN 2123866739VI,ACC#00001,238793.06,DR,2023-01-07,2023-01-08,BenchRec_cash_v1.0_train.csv,99306
IYO9126666759397,549591.0000,USD,2023-01-05T00:00:00Z,CREDIT,,"CONTROLLED LAB / BenchRec production-derived, obfuscated source side B",374763426563,IYO9126666759397 7040766735VI,ACC#00001,549591.00,DR,2023-01-05,2023-01-06,BenchRec_cash_v1.0_train.csv,96735
UVA9126666790206,147520403.0000,USD,2023-01-12T00:00:00Z,DEBIT,,"CONTROLLED LAB / BenchRec production-derived, obfuscated source side B",376249078623,UVA9126666790206 9675066743FW,ACC#00001,-147520403.00,CR,2023-01-12,2023-01-13,BenchRec_cash_v1.0_train.csv,103643
32566RHLG8,7043.0000,USD,2023-02-10T00:00:00Z,CREDIT,,"CONTROLLED LAB / BenchRec production-derived, obfuscated source side B",389695496650,32566RHLG8 3903766798VI,ACC#00001,7043.00,DR,2023-02-10,2023-02-11,BenchRec_cash_v1.0_train.csv,127845
32566KA7J5,776.1500,USD,2023-01-25T00:00:00Z,CREDIT,,"CONTROLLED LAB / BenchRec production-derived, obfuscated source side B",395101543276,32566KA7J5 9236466725VI,ACC#00001,776.15,DR,2023-01-25,2023-01-26,BenchRec_cash_v1.0_train.csv,114330
07166J3MK2,2175346.0000,USD,2023-01-15T00:00:00Z,CREDIT,,"CONTROLLED LAB / BenchRec production-derived, obfuscated source side B",397501312556,07166J3MK2 3781066745VI,ACC#00001,2175346.00,DR,2023-01-15,2023-01-16,BenchRec_cash_v1.0_train.csv,106931
32566WI2IK,4865.1700,USD,2023-01-27T00:00:00Z,CREDIT,,"CONTROLLED LAB / BenchRec production-derived, obfuscated source side B",400886058656,32566WI2IK 2113966756VI,ACC#00001,4865.17,DR,2023-01-27,2023-01-28,BenchRec_cash_v1.0_train.csv,116762
VIP9126666799187,13646300.0000,USD,2023-02-04T00:00:00Z,CREDIT,,"CONTROLLED LAB / BenchRec production-derived, obfuscated source side B",40874412103,VIP9126666799187 6031666755VI,ACC#00001,13646300.00,DR,2023-02-04,2023-02-05,BenchRec_cash_v1.0_train.csv,122929
32566RIJ9S,99311.1200,USD,2023-01-28T00:00:00Z,CREDIT,,"CONTROLLED LAB / BenchRec production-derived, obfuscated source side B",409620888745,32566RIJ9S 5276366756VI,ACC#00001,99311.12,DR,2023-01-28,2023-01-29,BenchRec_cash_v1.0_train.csv,117495
32566J5DL8,161727.2900,USD,2023-01-19T00:00:00Z,CREDIT,,"CONTROLLED LAB / BenchRec production-derived, obfuscated source side B",424348481737,32566J5DL8 1051566727VI,ACC#00001,161727.29,DR,2023-01-19,2023-01-20,BenchRec_cash_v1.0_train.csv,108929
AHT9126666166401,32876559.0000,USD,2023-02-09T00:00:00Z,DEBIT,,"CONTROLLED LAB / BenchRec production-derived, obfuscated source side B",429127548493,AHT9126666166401 8483266791XD,ACC#00001,-32876559.00,CR,2023-02-09,2023-02-10,BenchRec_cash_v1.0_train.csv,126841
32566RL11M,64439.7700,USD,2023-02-04T00:00:00Z,CREDIT,,"CONTROLLED LAB / BenchRec production-derived, obfuscated source side B",431301789694,32566RL11M 2118766752VI,ACC#00001,64439.77,DR,2023-02-04,2023-02-05,BenchRec_cash_v1.0_train.csv,122509
32566RPTBK,468282.9300,USD,2023-02-23T00:00:00Z,CREDIT,,"CONTROLLED LAB / BenchRec production-derived, obfuscated source side B",438225523777,32566RPTBK 1867966162VI,ACC#00001,468282.93,DR,2023-02-23,2023-02-24,BenchRec_cash_v1.0_train.csv,140275
32566RBBII,44800.2000,USD,2023-02-25T00:00:00Z,CREDIT,,"CONTROLLED LAB / BenchRec production-derived, obfuscated source side B",448358439856,32566RBBII 0811166169VI,ACC#00001,44800.20,DR,2023-02-25,2023-02-26,BenchRec_cash_v1.0_train.csv,143825
37266J3928,2249.0000,USD,2023-01-11T00:00:00Z,CREDIT,,"CONTROLLED LAB / BenchRec production-derived, obfuscated source side B",45703935292,37266J3928 6118266748VI,ACC#00001,2249.00,DR,2023-01-11,2023-01-12,BenchRec_cash_v1.0_train.csv,101417
32566RUQOI,52682.0000,USD,2023-02-18T00:00:00Z,CREDIT,,"CONTROLLED LAB / BenchRec production-derived, obfuscated source side B",459050468127,32566RUQOI 2378666160VI,ACC#00001,52682.00,DR,2023-02-18,2023-02-19,BenchRec_cash_v1.0_train.csv,134998
32566J080G,2180.4300,USD,2023-01-07T00:00:00Z,CREDIT,,"CONTROLLED LAB / BenchRec production-derived, obfuscated source side B",503809431453,32566J080G 5261366746VI,ACC#00001,2180.43,DR,2023-01-07,2023-01-08,BenchRec_cash_v1.0_train.csv,99320
32566J5E9M,3521.6500,USD,2023-01-19T00:00:00Z,CREDIT,,"CONTROLLED LAB / BenchRec production-derived, obfuscated source side B",51175664023,32566J5E9M 0675966720VI,ACC#00001,3521.65,DR,2023-01-19,2023-01-20,BenchRec_cash_v1.0_train.csv,108934
IYO9126666168175,53957.0000,USD,2023-02-19T00:00:00Z,CREDIT,,"CONTROLLED LAB / BenchRec production-derived, obfuscated source side B",515487856844,IYO9126666168175 3646466161VI,ACC#00001,53957.00,DR,2023-02-19,2023-02-20,BenchRec_cash_v1.0_train.csv,137086
32566J6W04,57206.3300,USD,2023-01-07T00:00:00Z,CREDIT,,"CONTROLLED LAB / BenchRec production-derived, obfuscated source side B",520713895429,32566J6W04 2126666739VI,ACC#00001,57206.33,DR,2023-01-07,2023-01-08,BenchRec_cash_v1.0_train.csv,99833
AHT9126666161096,716938.0000,USD,2023-02-18T00:00:00Z,DEBIT,,"CONTROLLED LAB / BenchRec production-derived, obfuscated source side B",523955688149,AHT9126666161096 7965166167XD,ACC#00001,-716938.00,CR,2023-02-18,2023-02-19,BenchRec_cash_v1.0_train.csv,135407
37266RH6BY,4229.7000,USD,2023-02-09T00:00:00Z,CREDIT,,"CONTROLLED LAB / BenchRec production-derived, obfuscated source side B",529214940662,37266RH6BY 0335466791VI,ACC#00001,4229.70,DR,2023-02-09,2023-02-10,BenchRec_cash_v1.0_train.csv,127408
VIP9126666759081,1788800.0000,USD,2023-01-04T00:00:00Z,CREDIT,,"CONTROLLED LAB / BenchRec production-derived, obfuscated source side B",531883058625,VIP9126666759081 2879066732VI,ACC#00001,1788800.00,DR,2023-01-04,2023-01-05,BenchRec_cash_v1.0_train.csv,94809
37266J3L0D,2249.0000,USD,2023-01-13T00:00:00Z,CREDIT,,"CONTROLLED LAB / BenchRec production-derived, obfuscated source side B",550911925585,37266J3L0D 1968266743VI,ACC#00001,2249.00,DR,2023-01-13,2023-01-14,BenchRec_cash_v1.0_train.csv,104506
32566J5MD6,1767.2000,USD,2023-01-19T00:00:00Z,CREDIT,,"CONTROLLED LAB / BenchRec production-derived, obfuscated source side B",562202493074,32566J5MD6 0637866720VI,ACC#00001,1767.20,DR,2023-01-19,2023-01-20,BenchRec_cash_v1.0_train.csv,108716
32566J5MD6,1767.2000,USD,2023-01-19T00:00:00Z,CREDIT,,CONTROLLED LAB / CONTROLLED INJECTION: second eligible candidate; not an original BenchRec event,562202493074-INJECTED-AMBIGUITY,32566J5MD6 0637866720VI,ACC#00001,1767.20,DR,2023-01-19,2023-01-20,BenchRec_cash_v1.0_train.csv,108716
37266RJFNK,4583.3300,USD,2023-02-09T00:00:00Z,CREDIT,,"CONTROLLED LAB / BenchRec production-derived, obfuscated source side B",563151334588,37266RJFNK 9452766797VI,ACC#00001,4583.33,DR,2023-02-09,2023-02-10,BenchRec_cash_v1.0_train.csv,126801
AHT9126666791002,147643.0000,USD,2023-01-18T00:00:00Z,DEBIT,,"CONTROLLED LAB / BenchRec production-derived, obfuscated source side B",566621168938,AHT9126666791002 1481066720XD,ACC#00001,-147643.00,CR,2023-01-18,2023-01-19,BenchRec_cash_v1.0_train.csv,108008
32566TDRMR,14558038.5200,USD,2023-01-04T00:00:00Z,CREDIT,,"CONTROLLED LAB / BenchRec production-derived, obfuscated source side B",568530028833,32566TDRMR 8253466738VI,ACC#00001,14558038.52,DR,2023-01-04,2023-01-05,BenchRec_cash_v1.0_train.csv,95218
32566RJ238,4385.3900,USD,2023-02-08T00:00:00Z,CREDIT,,"CONTROLLED LAB / BenchRec production-derived, obfuscated source side B",570844932112,32566RJ238 2288066797VI,ACC#00001,4385.39,DR,2023-02-08,2023-02-09,BenchRec_cash_v1.0_train.csv,125614
UVA9126666160415,514588.0000,USD,2023-02-11T00:00:00Z,CREDIT,,"CONTROLLED LAB / BenchRec production-derived, obfuscated source side B",594001469076,UVA9126666160415 6127066793VI,ACC#00001,514588.00,DR,2023-02-11,2023-02-12,BenchRec_cash_v1.0_train.csv,128955
32566J9M6V,489299.2400,USD,2023-01-21T00:00:00Z,CREDIT,,"CONTROLLED LAB / BenchRec production-derived, obfuscated source side B",598227832949,32566J9M6V 9182866721VI,ACC#00001,489299.24,DR,2023-01-21,2023-01-22,BenchRec_cash_v1.0_train.csv,111414
37266J1D91,4640.1000,USD,2023-01-11T00:00:00Z,CREDIT,,"CONTROLLED LAB / BenchRec production-derived, obfuscated source side B",608911495294,37266J1D91 5772266741VI,ACC#00001,4638.85,DR,2023-01-11,2023-01-12,BenchRec_cash_v1.0_train.csv,102238
32566RBMRO,37883.0200,USD,2023-02-25T00:00:00Z,CREDIT,,"CONTROLLED LAB / BenchRec production-derived, obfuscated source side B",61101351806,32566RBMRO 5235766165VI,ACC#00001,37883.02,DR,2023-02-25,2023-02-26,BenchRec_cash_v1.0_train.csv,143099
32566RJD8K,2092436.9300,USD,2023-02-09T00:00:00Z,CREDIT,,"CONTROLLED LAB / BenchRec production-derived, obfuscated source side B",612756427305,32566RJD8K 0367366791VI,ACC#00001,2092436.93,DR,2023-02-09,2023-02-10,BenchRec_cash_v1.0_train.csv,127486
37266ROPRM,128154.1400,USD,2023-02-19T00:00:00Z,CREDIT,,"CONTROLLED LAB / BenchRec production-derived, obfuscated source side B",621282058442,37266ROPRM 8503666161VI,ACC#00001,128154.14,DR,2023-02-19,2023-02-20,BenchRec_cash_v1.0_train.csv,136627
32566J4IP5,1216.6900,USD,2023-01-14T00:00:00Z,CREDIT,,"CONTROLLED LAB / BenchRec production-derived, obfuscated source side B",622885370770,32566J4IP5 6251766742VI,ACC#00001,1216.69,DR,2023-01-14,2023-01-15,BenchRec_cash_v1.0_train.csv,105914
32566RKV57,59846.9600,USD,2023-01-29T00:00:00Z,CREDIT,,"CONTROLLED LAB / BenchRec production-derived, obfuscated source side B",623048266237,32566RKV57 3355866757VI,ACC#00001,59846.96,DR,2023-01-29,2023-01-30,BenchRec_cash_v1.0_train.csv,118984
32566RBLJD,146696.1700,USD,2023-02-25T00:00:00Z,CREDIT,,"CONTROLLED LAB / BenchRec production-derived, obfuscated source side B",650653286484,32566RBLJD 5223166165VI,ACC#00001,146696.17,DR,2023-02-25,2023-02-26,BenchRec_cash_v1.0_train.csv,143711
32566J6W4J,262636.2000,USD,2023-01-07T00:00:00Z,CREDIT,,"CONTROLLED LAB / BenchRec production-derived, obfuscated source side B",69257510081,32566J6W4J 2153666739VI,ACC#00001,262636.20,DR,2023-01-07,2023-01-08,BenchRec_cash_v1.0_train.csv,98926
32566J63PQ,56282190.0000,USD,2023-01-06T00:00:00Z,CREDIT,,"CONTROLLED LAB / BenchRec production-derived, obfuscated source side B",699705258401,32566J63PQ 3382466739VI,ACC#00001,56282190.00,DR,2023-01-06,2023-01-07,BenchRec_cash_v1.0_train.csv,98048
AHT9126666791422,640049.0000,USD,2023-01-19T00:00:00Z,DEBIT,,"CONTROLLED LAB / BenchRec production-derived, obfuscated source side B",701732811669,AHT9126666791422 8510566727XD,ACC#00001,-640049.00,CR,2023-01-19,2023-01-20,BenchRec_cash_v1.0_train.csv,108846
32566RVL91,756973.7500,USD,2023-01-26T00:00:00Z,CREDIT,,"CONTROLLED LAB / BenchRec production-derived, obfuscated source side B",720807185866,32566RVL91 0650166725VI,ACC#00001,756973.75,DR,2023-01-26,2023-01-27,BenchRec_cash_v1.0_train.csv,114958
32566J4K0B,227518.4400,USD,2023-01-14T00:00:00Z,CREDIT,,"CONTROLLED LAB / BenchRec production-derived, obfuscated source side B",727077304679,32566J4K0B 5515366744VI,ACC#00001,227518.44,DR,2023-01-14,2023-01-15,BenchRec_cash_v1.0_train.csv,105806
32566RML9D,967.9400,USD,2023-02-03T00:00:00Z,CREDIT,,"CONTROLLED LAB / BenchRec production-derived, obfuscated source side B",729836163983,32566RML9D 1075866754VI,ACC#00001,967.94,DR,2023-02-03,2023-02-04,BenchRec_cash_v1.0_train.csv,121206
32566J6CM4,4001790.7000,USD,2023-01-07T00:00:00Z,CREDIT,,"CONTROLLED LAB / BenchRec production-derived, obfuscated source side B",760696695987,32566J6CM4 2157966739VI,ACC#00001,4001790.70,DR,2023-01-07,2023-01-08,BenchRec_cash_v1.0_train.csv,99370
32566BM5UK,1048900.0000,USD,2023-02-26T00:00:00Z,CREDIT,,"CONTROLLED LAB / BenchRec production-derived, obfuscated source side B",774405453479,32566BM5UK 8979466106VI,ACC#00001,1048900.00,DR,2023-02-26,2023-02-27,BenchRec_cash_v1.0_train.csv,144346
32566J9H7M,147300.0000,USD,2023-01-21T00:00:00Z,CREDIT,,"CONTROLLED LAB / BenchRec production-derived, obfuscated source side B",777970024670,32566J9H7M 9119466721VI,ACC#00001,147300.00,DR,2023-01-21,2023-01-22,BenchRec_cash_v1.0_train.csv,111549
32566TDRDG,2851866.3400,USD,2023-01-04T00:00:00Z,CREDIT,,"CONTROLLED LAB / BenchRec production-derived, obfuscated source side B",781757072453,32566TDRDG 4442766732VI,ACC#00001,2851866.34,DR,2023-01-04,2023-01-05,BenchRec_cash_v1.0_train.csv,95421
07166J4HH3,1914940.0000,USD,2023-01-14T00:00:00Z,CREDIT,,"CONTROLLED LAB / BenchRec production-derived, obfuscated source side B",80746475156,07166J4HH3 5511966744VI,ACC#00001,1914940.00,DR,2023-01-14,2023-01-15,BenchRec_cash_v1.0_train.csv,106682
32566RPA8S,145119.5100,USD,2023-02-23T00:00:00Z,CREDIT,,"CONTROLLED LAB / BenchRec production-derived, obfuscated source side B",814659416018,32566RPA8S 7581166162VI,ACC#00001,145119.51,DR,2023-02-23,2023-02-24,BenchRec_cash_v1.0_train.csv,140577
32566J3RYV,136459511.5000,USD,2023-01-13T00:00:00Z,CREDIT,,"CONTROLLED LAB / BenchRec production-derived, obfuscated source side B",816724450152,32566J3RYV 3074766743VI,ACC#00001,136459511.50,DR,2023-01-13,2023-01-14,BenchRec_cash_v1.0_train.csv,104750
32566J41EP,5438.8200,USD,2023-01-13T00:00:00Z,CREDIT,,"CONTROLLED LAB / BenchRec production-derived, obfuscated source side B",82114575055,32566J41EP 2339566744VI,ACC#00001,5438.82,DR,2023-01-13,2023-01-14,BenchRec_cash_v1.0_train.csv,104320
32566RVDY2,59383521.0000,USD,2023-01-27T00:00:00Z,CREDIT,,"CONTROLLED LAB / BenchRec production-derived, obfuscated source side B",828502768131,32566RVDY2 4231766756VI,ACC#00001,59383521.00,DR,2023-01-27,2023-01-28,BenchRec_cash_v1.0_train.csv,116079
32566J5Z5Q,872452.3100,USD,2023-01-19T00:00:00Z,CREDIT,,"CONTROLLED LAB / BenchRec production-derived, obfuscated source side B",83276102643,32566J5Z5Q 0650266720VI,ACC#00001,872452.31,DR,2023-01-19,2023-01-20,BenchRec_cash_v1.0_train.csv,109650
37266J1D1P,4546.3900,USD,2023-01-11T00:00:00Z,CREDIT,,"CONTROLLED LAB / BenchRec production-derived, obfuscated source side B",837444757970,37266J1D1P 5704966741VI,ACC#00001,4546.39,DR,2023-01-11,2023-01-12,BenchRec_cash_v1.0_train.csv,102868
IYO9126666168210,286860.0000,USD,2023-02-22T00:00:00Z,DEBIT,,"CONTROLLED LAB / BenchRec production-derived, obfuscated source side B",854237964263,IYO9126666168210 6090266164VI,ACC#00001,-286860.00,CR,2023-02-22,2023-02-23,BenchRec_cash_v1.0_train.csv,139475
37266J1GEJ,5167.4300,USD,2023-01-11T00:00:00Z,CREDIT,,"CONTROLLED LAB / BenchRec production-derived, obfuscated source side B",862252416125,37266J1GEJ 5775166741VI,ACC#00001,5167.43,DR,2023-01-11,2023-01-12,BenchRec_cash_v1.0_train.csv,102356
32566J90DJ,44805.7000,USD,2023-01-20T00:00:00Z,CREDIT,,"CONTROLLED LAB / BenchRec production-derived, obfuscated source side B",888157216,32566J90DJ 8936166727VI,ACC#00001,44805.70,DR,2023-01-20,2023-01-21,BenchRec_cash_v1.0_train.csv,110946
32566RKOA6,5929.5000,USD,2023-02-02T00:00:00Z,CREDIT,,"CONTROLLED LAB / BenchRec production-derived, obfuscated source side B",892981171101,32566RKOA6 4423366757VI,ACC#00001,5929.50,DR,2023-02-02,2023-02-03,BenchRec_cash_v1.0_train.csv,120813
UVA9126666167318,5738466.0000,USD,2023-02-15T00:00:00Z,DEBIT,,"CONTROLLED LAB / BenchRec production-derived, obfuscated source side B",915307844204,UVA9126666167318 0695166799MT,ACC#00001,-5738466.00,CR,2023-02-15,2023-02-16,BenchRec_cash_v1.0_train.csv,132146
32566J4K31,80835.2700,USD,2023-01-14T00:00:00Z,CREDIT,,"CONTROLLED LAB / BenchRec production-derived, obfuscated source side B",915996213563,32566J4K31 5514866744VI,ACC#00001,80835.27,DR,2023-01-14,2023-01-15,BenchRec_cash_v1.0_train.csv,106319
32566TDRGU,460356.5400,USD,2023-01-04T00:00:00Z,CREDIT,,"CONTROLLED LAB / BenchRec production-derived, obfuscated source side B",944047422695,32566TDRGU 8568966738VI,ACC#00001,460356.54,DR,2023-01-04,2023-01-05,BenchRec_cash_v1.0_train.csv,95104
IYO9126666797098,281329.0000,USD,2023-01-13T00:00:00Z,DEBIT,,"CONTROLLED LAB / BenchRec production-derived, obfuscated source side B",955938039840,IYO9126666797098 2968366744VI,ACC#00001,-281329.00,CR,2023-01-13,2023-01-14,BenchRec_cash_v1.0_train.csv,105117
37266J1BNO,6438.5400,USD,2023-01-11T00:00:00Z,CREDIT,,"CONTROLLED LAB / BenchRec production-derived, obfuscated source side B",969389958011,37266J1BNO 5478766748VI,ACC#00001,6438.54,DR,2023-01-11,2023-01-12,BenchRec_cash_v1.0_train.csv,102020
32566RPAMN,1273830.8500,USD,2023-02-23T00:00:00Z,CREDIT,,"CONTROLLED LAB / BenchRec production-derived, obfuscated source side B",978473140405,32566RPAMN 7581766162VI,ACC#00001,1273830.85,DR,2023-02-23,2023-02-24,BenchRec_cash_v1.0_train.csv,140763
